drug,reaction,atom_idx,element,effect,baseline_score
acarbose,Lactic acidosis,0,C,-0.06225985288619995,0.7353078126907349
acarbose,Lactic acidosis,1,C,-0.0051043033599853516,0.7353078126907349
acarbose,Lactic acidosis,2,C,-0.004559338092803955,0.7353078126907349
acarbose,Lactic acidosis,3,C,-0.008261501789093018,0.7353078126907349
acarbose,Lactic acidosis,4,C,-0.00557941198348999,0.7353078126907349
acarbose,Lactic acidosis,5,C,-0.0032007694244384766,0.7353078126907349
acarbose,Lactic acidosis,6,O,-0.008279681205749512,0.7353078126907349
acarbose,Lactic acidosis,7,O,-0.03832864761352539,0.7353078126907349
acarbose,Lactic acidosis,8,C,-0.009966492652893066,0.7353078126907349
acarbose,Lactic acidosis,9,C,-0.009539127349853516,0.7353078126907349
acarbose,Lactic acidosis,10,O,-0.04793131351470947,0.7353078126907349
acarbose,Lactic acidosis,11,C,-0.0029692649841308594,0.7353078126907349
acarbose,Lactic acidosis,12,C,-0.004394412040710449,0.7353078126907349
acarbose,Lactic acidosis,13,C,-0.008435487747192383,0.7353078126907349
acarbose,Lactic acidosis,14,O,-0.03551745414733887,0.7353078126907349
acarbose,Lactic acidosis,15,O,-0.03528308868408203,0.7353078126907349
acarbose,Lactic acidosis,16,O,-0.037355780601501465,0.7353078126907349
acarbose,Lactic acidosis,17,C,-0.009542346000671387,0.7353078126907349
acarbose,Lactic acidosis,18,C,-0.007398009300231934,0.7353078126907349
acarbose,Lactic acidosis,19,C,0.003597080707550049,0.7353078126907349
acarbose,Lactic acidosis,20,O,-0.030209004878997803,0.7353078126907349
acarbose,Lactic acidosis,21,O,-0.05713856220245361,0.7353078126907349
acarbose,Lactic acidosis,22,C,-0.007838010787963867,0.7353078126907349
acarbose,Lactic acidosis,23,C,-0.004927337169647217,0.7353078126907349
acarbose,Lactic acidosis,24,C,-0.002404510974884033,0.7353078126907349
acarbose,Lactic acidosis,25,O,-0.004301488399505615,0.7353078126907349
acarbose,Lactic acidosis,26,O,-0.03038930892944336,0.7353078126907349
acarbose,Lactic acidosis,27,O,-0.03482705354690552,0.7353078126907349
acarbose,Lactic acidosis,28,C,0.0008448362350463867,0.7353078126907349
acarbose,Lactic acidosis,29,O,-0.03190600872039795,0.7353078126907349
acarbose,Lactic acidosis,30,O,-0.03566312789916992,0.7353078126907349
acarbose,Lactic acidosis,31,O,-0.031494140625,0.7353078126907349
acarbose,Lactic acidosis,32,N,-0.0334315299987793,0.7353078126907349
acarbose,Lactic acidosis,33,C,-0.005809426307678223,0.7353078126907349
acarbose,Lactic acidosis,34,C,-0.025185883045196533,0.7353078126907349
acarbose,Lactic acidosis,35,C,-0.015582680702209473,0.7353078126907349
acarbose,Lactic acidosis,36,C,-0.00878077745437622,0.7353078126907349
acarbose,Lactic acidosis,37,C,-0.00590592622756958,0.7353078126907349
acarbose,Lactic acidosis,38,C,-0.006113886833190918,0.7353078126907349
acarbose,Lactic acidosis,39,O,-0.03557026386260986,0.7353078126907349
acarbose,Lactic acidosis,40,O,-0.03466391563415527,0.7353078126907349
acarbose,Lactic acidosis,41,O,-0.017377853393554688,0.7353078126907349
acarbose,Lactic acidosis,42,C,-0.0009377598762512207,0.7353078126907349
acarbose,Lactic acidosis,43,O,-0.005473911762237549,0.7353078126907349
acarbose,Nausea,0,C,-0.03176194429397583,0.8353977203369141
acarbose,Nausea,1,C,-0.015788495540618896,0.8353977203369141
acarbose,Nausea,2,C,-0.01040107011795044,0.8353977203369141
acarbose,Nausea,3,C,-0.008937478065490723,0.8353977203369141
acarbose,Nausea,4,C,-0.0020825862884521484,0.8353977203369141
acarbose,Nausea,5,C,-0.0015343427658081055,0.8353977203369141
acarbose,Nausea,6,O,-0.003508150577545166,0.8353977203369141
acarbose,Nausea,7,O,-0.0020963549613952637,0.8353977203369141
acarbose,Nausea,8,C,-0.004614830017089844,0.8353977203369141
acarbose,Nausea,9,C,-0.00440138578414917,0.8353977203369141
acarbose,Nausea,10,O,-0.008928894996643066,0.8353977203369141
acarbose,Nausea,11,C,-0.0013675689697265625,0.8353977203369141
acarbose,Nausea,12,C,-0.0012881755828857422,0.8353977203369141
acarbose,Nausea,13,C,-0.003476858139038086,0.8353977203369141
acarbose,Nausea,14,O,-0.0007207989692687988,0.8353977203369141
acarbose,Nausea,15,O,-0.0001366734504699707,0.8353977203369141
acarbose,Nausea,16,O,0.00032198429107666016,0.8353977203369141
acarbose,Nausea,17,C,-0.003632068634033203,0.8353977203369141
acarbose,Nausea,18,C,-0.0025117993354797363,0.8353977203369141
acarbose,Nausea,19,C,0.003339111804962158,0.8353977203369141
acarbose,Nausea,20,O,-0.0038415193557739258,0.8353977203369141
acarbose,Nausea,21,O,-0.015964627265930176,0.8353977203369141
acarbose,Nausea,22,C,-0.0029036998748779297,0.8353977203369141
acarbose,Nausea,23,C,-0.0009271502494812012,0.8353977203369141
acarbose,Nausea,24,C,-0.001448512077331543,0.8353977203369141
acarbose,Nausea,25,O,-8.040666580200195e-05,0.8353977203369141
acarbose,Nausea,26,O,-0.003224492073059082,0.8353977203369141
acarbose,Nausea,27,O,0.00033909082412719727,0.8353977203369141
acarbose,Nausea,28,C,0.00106889009475708,0.8353977203369141
acarbose,Nausea,29,O,-0.0064719319343566895,0.8353977203369141
acarbose,Nausea,30,O,-0.0013613104820251465,0.8353977203369141
acarbose,Nausea,31,O,-0.0029764771461486816,0.8353977203369141
acarbose,Nausea,32,N,-0.005894780158996582,0.8353977203369141
acarbose,Nausea,33,C,-0.0022986531257629395,0.8353977203369141
acarbose,Nausea,34,C,-0.0054177045822143555,0.8353977203369141
acarbose,Nausea,35,C,-0.004507780075073242,0.8353977203369141
acarbose,Nausea,36,C,-0.0016856789588928223,0.8353977203369141
acarbose,Nausea,37,C,-0.002146601676940918,0.8353977203369141
acarbose,Nausea,38,C,-0.002330780029296875,0.8353977203369141
acarbose,Nausea,39,O,-0.0015888810157775879,0.8353977203369141
acarbose,Nausea,40,O,-0.0013619661331176758,0.8353977203369141
acarbose,Nausea,41,O,-0.0015593171119689941,0.8353977203369141
acarbose,Nausea,42,C,0.0003864765167236328,0.8353977203369141
acarbose,Nausea,43,O,0.0017220377922058105,0.8353977203369141
acarbose,Urinary tract infection,0,C,-0.03312060236930847,0.33755093812942505
acarbose,Urinary tract infection,1,C,-0.0016488730907440186,0.33755093812942505
acarbose,Urinary tract infection,2,C,0.0027664005756378174,0.33755093812942505
acarbose,Urinary tract infection,3,C,0.006113409996032715,0.33755093812942505
acarbose,Urinary tract infection,4,C,0.002408742904663086,0.33755093812942505
acarbose,Urinary tract infection,5,C,0.0016005635261535645,0.33755093812942505
acarbose,Urinary tract infection,6,O,-0.014384865760803223,0.33755093812942505
acarbose,Urinary tract infection,7,O,-0.03623417019844055,0.33755093812942505
acarbose,Urinary tract infection,8,C,-0.00013044476509094238,0.33755093812942505
acarbose,Urinary tract infection,9,C,-0.0035650432109832764,0.33755093812942505
acarbose,Urinary tract infection,10,O,-0.01801922917366028,0.33755093812942505
acarbose,Urinary tract infection,11,C,0.0010984241962432861,0.33755093812942505
acarbose,Urinary tract infection,12,C,0.000685572624206543,0.33755093812942505
acarbose,Urinary tract infection,13,C,0.0021812021732330322,0.33755093812942505
acarbose,Urinary tract infection,14,O,-0.03650137782096863,0.33755093812942505
acarbose,Urinary tract infection,15,O,-0.03515148162841797,0.33755093812942505
acarbose,Urinary tract infection,16,O,-0.03636440634727478,0.33755093812942505
acarbose,Urinary tract infection,17,C,-0.00028967857360839844,0.33755093812942505
acarbose,Urinary tract infection,18,C,-0.0035829544067382812,0.33755093812942505
acarbose,Urinary tract infection,19,C,-0.009537667036056519,0.33755093812942505
acarbose,Urinary tract infection,20,O,0.001375347375869751,0.33755093812942505
acarbose,Urinary tract infection,21,O,-0.00814586877822876,0.33755093812942505
acarbose,Urinary tract infection,22,C,0.0006483793258666992,0.33755093812942505
acarbose,Urinary tract infection,23,C,-0.02965003252029419,0.33755093812942505
acarbose,Urinary tract infection,24,C,-0.030264317989349365,0.33755093812942505
acarbose,Urinary tract infection,25,O,-0.04064744710922241,0.33755093812942505
acarbose,Urinary tract infection,26,O,-0.015574216842651367,0.33755093812942505
acarbose,Urinary tract infection,27,O,-0.03624889254570007,0.33755093812942505
acarbose,Urinary tract infection,28,C,-0.01073572039604187,0.33755093812942505
acarbose,Urinary tract infection,29,O,0.0027208030223846436,0.33755093812942505
acarbose,Urinary tract infection,30,O,-0.03837937116622925,0.33755093812942505
acarbose,Urinary tract infection,31,O,-0.035230815410614014,0.33755093812942505
acarbose,Urinary tract infection,32,N,-0.0354633629322052,0.33755093812942505
acarbose,Urinary tract infection,33,C,0.0017627179622650146,0.33755093812942505
acarbose,Urinary tract infection,34,C,-0.009517431259155273,0.33755093812942505
acarbose,Urinary tract infection,35,C,0.0027787983417510986,0.33755093812942505
acarbose,Urinary tract infection,36,C,0.0020246505737304688,0.33755093812942505
acarbose,Urinary tract infection,37,C,0.004118114709854126,0.33755093812942505
acarbose,Urinary tract infection,38,C,0.0022848844528198242,0.33755093812942505
acarbose,Urinary tract infection,39,O,-0.03679931163787842,0.33755093812942505
acarbose,Urinary tract infection,40,O,-0.03705903887748718,0.33755093812942505
acarbose,Urinary tract infection,41,O,-0.021877169609069824,0.33755093812942505
acarbose,Urinary tract infection,42,C,-0.013302654027938843,0.33755093812942505
acarbose,Urinary tract infection,43,O,0.0022062063217163086,0.33755093812942505
canagliflozin,Lactic acidosis,0,C,-0.014460384845733643,0.8642129898071289
canagliflozin,Lactic acidosis,1,C,-0.00020742416381835938,0.8642129898071289
canagliflozin,Lactic acidosis,2,C,-0.005577027797698975,0.8642129898071289
canagliflozin,Lactic acidosis,3,C,0.003914475440979004,0.8642129898071289
canagliflozin,Lactic acidosis,4,C,0.0010777115821838379,0.8642129898071289
canagliflozin,Lactic acidosis,5,C,0.000736534595489502,0.8642129898071289
canagliflozin,Lactic acidosis,6,C,0.001784980297088623,0.8642129898071289
canagliflozin,Lactic acidosis,7,C,0.0006085634231567383,0.8642129898071289
canagliflozin,Lactic acidosis,8,C,-0.00118255615234375,0.8642129898071289
canagliflozin,Lactic acidosis,9,C,-0.0023213624954223633,0.8642129898071289
canagliflozin,Lactic acidosis,10,C,-0.0033369064331054688,0.8642129898071289
canagliflozin,Lactic acidosis,11,C,-0.003550112247467041,0.8642129898071289
canagliflozin,Lactic acidosis,12,O,0.005835890769958496,0.8642129898071289
canagliflozin,Lactic acidosis,13,C,-0.0032802820205688477,0.8642129898071289
canagliflozin,Lactic acidosis,14,O,0.0042008161544799805,0.8642129898071289
canagliflozin,Lactic acidosis,15,O,0.002251565456390381,0.8642129898071289
canagliflozin,Lactic acidosis,16,O,0.0028663277626037598,0.8642129898071289
canagliflozin,Lactic acidosis,17,O,0.004258990287780762,0.8642129898071289
canagliflozin,Lactic acidosis,18,C,-0.0035319924354553223,0.8642129898071289
canagliflozin,Lactic acidosis,19,C,-0.004530489444732666,0.8642129898071289
canagliflozin,Lactic acidosis,20,C,0.004387915134429932,0.8642129898071289
canagliflozin,Lactic acidosis,21,C,0.0036079883575439453,0.8642129898071289
canagliflozin,Lactic acidosis,22,C,0.004473745822906494,0.8642129898071289
canagliflozin,Lactic acidosis,23,S,-0.005513012409210205,0.8642129898071289
canagliflozin,Lactic acidosis,24,C,0.005568146705627441,0.8642129898071289
canagliflozin,Lactic acidosis,25,C,0.001409769058227539,0.8642129898071289
canagliflozin,Lactic acidosis,26,C,6.818771362304688e-05,0.8642129898071289
canagliflozin,Lactic acidosis,27,C,0.0038475990295410156,0.8642129898071289
canagliflozin,Lactic acidosis,28,C,6.818771362304688e-05,0.8642129898071289
canagliflozin,Lactic acidosis,29,C,0.001409769058227539,0.8642129898071289
canagliflozin,Lactic acidosis,30,F,0.00035309791564941406,0.8642129898071289
canagliflozin,Nausea,0,C,-0.005884528160095215,0.9143417477607727
canagliflozin,Nausea,1,C,-0.0010671019554138184,0.9143417477607727
canagliflozin,Nausea,2,C,-0.00666886568069458,0.9143417477607727
canagliflozin,Nausea,3,C,0.0075144171714782715,0.9143417477607727
canagliflozin,Nausea,4,C,0.0003146529197692871,0.9143417477607727
canagliflozin,Nausea,5,C,0.0009344816207885742,0.9143417477607727
canagliflozin,Nausea,6,C,0.0008734464645385742,0.9143417477607727
canagliflozin,Nausea,7,C,0.00046950578689575195,0.9143417477607727
canagliflozin,Nausea,8,C,-0.0007424354553222656,0.9143417477607727
canagliflozin,Nausea,9,C,-0.0011810660362243652,0.9143417477607727
canagliflozin,Nausea,10,C,-0.0022686123847961426,0.9143417477607727
canagliflozin,Nausea,11,C,-0.002382218837738037,0.9143417477607727
canagliflozin,Nausea,12,O,0.005650162696838379,0.9143417477607727
canagliflozin,Nausea,13,C,-0.0014314651489257812,0.9143417477607727
canagliflozin,Nausea,14,O,0.002210855484008789,0.9143417477607727
canagliflozin,Nausea,15,O,0.003366529941558838,0.9143417477607727
canagliflozin,Nausea,16,O,0.003967106342315674,0.9143417477607727
canagliflozin,Nausea,17,O,0.00480276346206665,0.9143417477607727
canagliflozin,Nausea,18,C,-0.004103124141693115,0.9143417477607727
canagliflozin,Nausea,19,C,-0.005840301513671875,0.9143417477607727
canagliflozin,Nausea,20,C,0.008234083652496338,0.9143417477607727
canagliflozin,Nausea,21,C,0.007066309452056885,0.9143417477607727
canagliflozin,Nausea,22,C,0.0023685097694396973,0.9143417477607727
canagliflozin,Nausea,23,S,-0.006412684917449951,0.9143417477607727
canagliflozin,Nausea,24,C,0.002857804298400879,0.9143417477607727
canagliflozin,Nausea,25,C,0.001066744327545166,0.9143417477607727
canagliflozin,Nausea,26,C,0.00012040138244628906,0.9143417477607727
canagliflozin,Nausea,27,C,0.001660466194152832,0.9143417477607727
canagliflozin,Nausea,28,C,0.00012040138244628906,0.9143417477607727
canagliflozin,Nausea,29,C,0.001066744327545166,0.9143417477607727
canagliflozin,Nausea,30,F,0.00018703937530517578,0.9143417477607727
canagliflozin,Urinary tract infection,0,C,-0.05440175533294678,0.6347365975379944
canagliflozin,Urinary tract infection,1,C,0.010634183883666992,0.6347365975379944
canagliflozin,Urinary tract infection,2,C,0.0019369721412658691,0.6347365975379944
canagliflozin,Urinary tract infection,3,C,0.0010221004486083984,0.6347365975379944
canagliflozin,Urinary tract infection,4,C,0.003851592540740967,0.6347365975379944
canagliflozin,Urinary tract infection,5,C,0.00026935338973999023,0.6347365975379944
canagliflozin,Urinary tract infection,6,C,0.0065010786056518555,0.6347365975379944
canagliflozin,Urinary tract infection,7,C,0.0008358955383300781,0.6347365975379944
canagliflozin,Urinary tract infection,8,C,0.00016814470291137695,0.6347365975379944
canagliflozin,Urinary tract infection,9,C,-0.0004016757011413574,0.6347365975379944
canagliflozin,Urinary tract infection,10,C,0.00209730863571167,0.6347365975379944
canagliflozin,Urinary tract infection,11,C,0.0011554360389709473,0.6347365975379944
canagliflozin,Urinary tract infection,12,O,0.007606089115142822,0.6347365975379944
canagliflozin,Urinary tract infection,13,C,-0.0016831755638122559,0.6347365975379944
canagliflozin,Urinary tract infection,14,O,0.010067403316497803,0.6347365975379944
canagliflozin,Urinary tract infection,15,O,-0.0027677416801452637,0.6347365975379944
canagliflozin,Urinary tract infection,16,O,-0.0022864937782287598,0.6347365975379944
canagliflozin,Urinary tract infection,17,O,0.0015326142311096191,0.6347365975379944
canagliflozin,Urinary tract infection,18,C,-0.0008131861686706543,0.6347365975379944
canagliflozin,Urinary tract infection,19,C,0.001836240291595459,0.6347365975379944
canagliflozin,Urinary tract infection,20,C,0.0015162825584411621,0.6347365975379944
canagliflozin,Urinary tract infection,21,C,0.0014937520027160645,0.6347365975379944
canagliflozin,Urinary tract infection,22,C,0.006472945213317871,0.6347365975379944
canagliflozin,Urinary tract infection,23,S,-0.0031037330627441406,0.6347365975379944
canagliflozin,Urinary tract infection,24,C,0.00880277156829834,0.6347365975379944
canagliflozin,Urinary tract infection,25,C,0.0015375018119812012,0.6347365975379944
canagliflozin,Urinary tract infection,26,C,0.000906825065612793,0.6347365975379944
canagliflozin,Urinary tract infection,27,C,0.008536040782928467,0.6347365975379944
canagliflozin,Urinary tract infection,28,C,0.000906825065612793,0.6347365975379944
canagliflozin,Urinary tract infection,29,C,0.0015375018119812012,0.6347365975379944
canagliflozin,Urinary tract infection,30,F,-0.0005568265914916992,0.6347365975379944
dapagliflozin,Lactic acidosis,0,C,-0.010606586933135986,0.8634099364280701
dapagliflozin,Lactic acidosis,1,C,2.1576881408691406e-05,0.8634099364280701
dapagliflozin,Lactic acidosis,2,O,0.0016655325889587402,0.8634099364280701
dapagliflozin,Lactic acidosis,3,C,0.0032517313957214355,0.8634099364280701
dapagliflozin,Lactic acidosis,4,C,0.00041371583938598633,0.8634099364280701
dapagliflozin,Lactic acidosis,5,C,-7.94529914855957e-05,0.8634099364280701
dapagliflozin,Lactic acidosis,6,C,-0.0012344717979431152,0.8634099364280701
dapagliflozin,Lactic acidosis,7,C,-7.94529914855957e-05,0.8634099364280701
dapagliflozin,Lactic acidosis,8,C,0.00041371583938598633,0.8634099364280701
dapagliflozin,Lactic acidosis,9,C,0.009126663208007812,0.8634099364280701
dapagliflozin,Lactic acidosis,10,C,-0.00655442476272583,0.8634099364280701
dapagliflozin,Lactic acidosis,11,C,-0.006542086601257324,0.8634099364280701
dapagliflozin,Lactic acidosis,12,C,0.0010967254638671875,0.8634099364280701
dapagliflozin,Lactic acidosis,13,C,0.003214120864868164,0.8634099364280701
dapagliflozin,Lactic acidosis,14,C,0.0013731718063354492,0.8634099364280701
dapagliflozin,Lactic acidosis,15,C,0.009125292301177979,0.8634099364280701
dapagliflozin,Lactic acidosis,16,C,0.0005669593811035156,0.8634099364280701
dapagliflozin,Lactic acidosis,17,C,-0.0015892982482910156,0.8634099364280701
dapagliflozin,Lactic acidosis,18,C,-0.002897500991821289,0.8634099364280701
dapagliflozin,Lactic acidosis,19,C,-0.004225015640258789,0.8634099364280701
dapagliflozin,Lactic acidosis,20,C,-0.004128754138946533,0.8634099364280701
dapagliflozin,Lactic acidosis,21,O,0.006784677505493164,0.8634099364280701
dapagliflozin,Lactic acidosis,22,C,-0.003579378128051758,0.8634099364280701
dapagliflozin,Lactic acidosis,23,O,0.003283262252807617,0.8634099364280701
dapagliflozin,Lactic acidosis,24,O,0.0022623538970947266,0.8634099364280701
dapagliflozin,Lactic acidosis,25,O,0.002926766872406006,0.8634099364280701
dapagliflozin,Lactic acidosis,26,O,0.00445634126663208,0.8634099364280701
dapagliflozin,Lactic acidosis,27,Cl,-0.00040280818939208984,0.8634099364280701
dapagliflozin,Nausea,0,C,-0.0045005083084106445,0.9151577949523926
dapagliflozin,Nausea,1,C,0.00019663572311401367,0.9151577949523926
dapagliflozin,Nausea,2,O,0.0007713437080383301,0.9151577949523926
dapagliflozin,Nausea,3,C,0.0013262629508972168,0.9151577949523926
dapagliflozin,Nausea,4,C,0.00022530555725097656,0.9151577949523926
dapagliflozin,Nausea,5,C,4.851818084716797e-05,0.9151577949523926
dapagliflozin,Nausea,6,C,-0.002700209617614746,0.9151577949523926
dapagliflozin,Nausea,7,C,4.851818084716797e-05,0.9151577949523926
dapagliflozin,Nausea,8,C,0.00022530555725097656,0.9151577949523926
dapagliflozin,Nausea,9,C,0.00697249174118042,0.9151577949523926
dapagliflozin,Nausea,10,C,-0.006247878074645996,0.9151577949523926
dapagliflozin,Nausea,11,C,-0.006239175796508789,0.9151577949523926
dapagliflozin,Nausea,12,C,0.0024239420890808105,0.9151577949523926
dapagliflozin,Nausea,13,C,0.0027267932891845703,0.9151577949523926
dapagliflozin,Nausea,14,C,0.0006821155548095703,0.9151577949523926
dapagliflozin,Nausea,15,C,0.016798973083496094,0.9151577949523926
dapagliflozin,Nausea,16,C,0.0006237030029296875,0.9151577949523926
dapagliflozin,Nausea,17,C,-0.0010025501251220703,0.9151577949523926
dapagliflozin,Nausea,18,C,-0.0017208456993103027,0.9151577949523926
dapagliflozin,Nausea,19,C,-0.0030207037925720215,0.9151577949523926
dapagliflozin,Nausea,20,C,-0.002938568592071533,0.9151577949523926
dapagliflozin,Nausea,21,O,0.0073912739753723145,0.9151577949523926
dapagliflozin,Nausea,22,C,-0.0015435218811035156,0.9151577949523926
dapagliflozin,Nausea,23,O,0.0019279122352600098,0.9151577949523926
dapagliflozin,Nausea,24,O,0.003573119640350342,0.9151577949523926
dapagliflozin,Nausea,25,O,0.004244565963745117,0.9151577949523926
dapagliflozin,Nausea,26,O,0.005029797554016113,0.9151577949523926
dapagliflozin,Nausea,27,Cl,-0.0009436607360839844,0.9151577949523926
dapagliflozin,Urinary tract infection,0,C,-0.04433351755142212,0.616567075252533
dapagliflozin,Urinary tract infection,1,C,-0.0028129220008850098,0.616567075252533
dapagliflozin,Urinary tract infection,2,O,0.004242360591888428,0.616567075252533
dapagliflozin,Urinary tract infection,3,C,0.006600618362426758,0.616567075252533
dapagliflozin,Urinary tract infection,4,C,0.0008390545845031738,0.616567075252533
dapagliflozin,Urinary tract infection,5,C,0.0004048943519592285,0.616567075252533
dapagliflozin,Urinary tract infection,6,C,0.009611964225769043,0.616567075252533
dapagliflozin,Urinary tract infection,7,C,0.0004048943519592285,0.616567075252533
dapagliflozin,Urinary tract infection,8,C,0.0008390545845031738,0.616567075252533
dapagliflozin,Urinary tract infection,9,C,0.007412910461425781,0.616567075252533
dapagliflozin,Urinary tract infection,10,C,0.0018742084503173828,0.616567075252533
dapagliflozin,Urinary tract infection,11,C,0.0030426383018493652,0.616567075252533
dapagliflozin,Urinary tract infection,12,C,0.004473626613616943,0.616567075252533
dapagliflozin,Urinary tract infection,13,C,0.0018849968910217285,0.616567075252533
dapagliflozin,Urinary tract infection,14,C,0.005223333835601807,0.616567075252533
dapagliflozin,Urinary tract infection,15,C,0.002785027027130127,0.616567075252533
dapagliflozin,Urinary tract infection,16,C,0.00037223100662231445,0.616567075252533
dapagliflozin,Urinary tract infection,17,C,0.00020170211791992188,0.616567075252533
dapagliflozin,Urinary tract infection,18,C,-0.0003631711006164551,0.616567075252533
dapagliflozin,Urinary tract infection,19,C,0.002416670322418213,0.616567075252533
dapagliflozin,Urinary tract infection,20,C,0.0012467503547668457,0.616567075252533
dapagliflozin,Urinary tract infection,21,O,0.009374797344207764,0.616567075252533
dapagliflozin,Urinary tract infection,22,C,-0.002145111560821533,0.616567075252533
dapagliflozin,Urinary tract infection,23,O,0.011304616928100586,0.616567075252533
dapagliflozin,Urinary tract infection,24,O,-0.0031130313873291016,0.616567075252533
dapagliflozin,Urinary tract infection,25,O,-0.00260162353515625,0.616567075252533
dapagliflozin,Urinary tract infection,26,O,0.0016341805458068848,0.616567075252533
dapagliflozin,Urinary tract infection,27,Cl,-0.002873241901397705,0.616567075252533
empagliflozin,Lactic acidosis,0,C,-0.004442930221557617,0.8664347529411316
empagliflozin,Lactic acidosis,1,C,-0.003298640251159668,0.8664347529411316
empagliflozin,Lactic acidosis,2,O,0.002689540386199951,0.8664347529411316
empagliflozin,Lactic acidosis,3,C,-0.0015318989753723145,0.8664347529411316
empagliflozin,Lactic acidosis,4,C,-0.002100348472595215,0.8664347529411316
empagliflozin,Lactic acidosis,5,O,0.0032941699028015137,0.8664347529411316
empagliflozin,Lactic acidosis,6,C,0.0035483241081237793,0.8664347529411316
empagliflozin,Lactic acidosis,7,C,0.00037157535552978516,0.8664347529411316
empagliflozin,Lactic acidosis,8,C,-0.0001309514045715332,0.8664347529411316
empagliflozin,Lactic acidosis,9,C,0.0008497834205627441,0.8664347529411316
empagliflozin,Lactic acidosis,10,C,-0.0001309514045715332,0.8664347529411316
empagliflozin,Lactic acidosis,11,C,0.00037157535552978516,0.8664347529411316
empagliflozin,Lactic acidosis,12,C,0.008062362670898438,0.8664347529411316
empagliflozin,Lactic acidosis,13,C,-0.004939436912536621,0.8664347529411316
empagliflozin,Lactic acidosis,14,C,-0.004406094551086426,0.8664347529411316
empagliflozin,Lactic acidosis,15,C,0.0008628964424133301,0.8664347529411316
empagliflozin,Lactic acidosis,16,C,0.0029636621475219727,0.8664347529411316
empagliflozin,Lactic acidosis,17,C,0.002216339111328125,0.8664347529411316
empagliflozin,Lactic acidosis,18,C,0.00814288854598999,0.8664347529411316
empagliflozin,Lactic acidosis,19,C,0.0007849335670471191,0.8664347529411316
empagliflozin,Lactic acidosis,20,C,-0.0010506510734558105,0.8664347529411316
empagliflozin,Lactic acidosis,21,C,-0.001640617847442627,0.8664347529411316
empagliflozin,Lactic acidosis,22,C,-0.0020239949226379395,0.8664347529411316
empagliflozin,Lactic acidosis,23,C,-0.002634704113006592,0.8664347529411316
empagliflozin,Lactic acidosis,24,O,0.006648361682891846,0.8664347529411316
empagliflozin,Lactic acidosis,25,C,-0.0032727718353271484,0.8664347529411316
empagliflozin,Lactic acidosis,26,O,0.004500746726989746,0.8664347529411316
empagliflozin,Lactic acidosis,27,O,0.0022369027137756348,0.8664347529411316
empagliflozin,Lactic acidosis,28,O,0.0028424859046936035,0.8664347529411316
empagliflozin,Lactic acidosis,29,O,0.004175364971160889,0.8664347529411316
empagliflozin,Lactic acidosis,30,Cl,-0.0003291964530944824,0.8664347529411316
empagliflozin,Nausea,0,C,-0.0023362040519714355,0.9155460000038147
empagliflozin,Nausea,1,C,-0.0014527440071105957,0.9155460000038147
empagliflozin,Nausea,2,O,0.0011757612228393555,0.9155460000038147
empagliflozin,Nausea,3,C,-0.0007377266883850098,0.9155460000038147
empagliflozin,Nausea,4,C,-0.0023685097694396973,0.9155460000038147
empagliflozin,Nausea,5,O,0.0017440319061279297,0.9155460000038147
empagliflozin,Nausea,6,C,0.0014156103134155273,0.9155460000038147
empagliflozin,Nausea,7,C,0.0001780390739440918,0.9155460000038147
empagliflozin,Nausea,8,C,-0.00010377168655395508,0.9155460000038147
empagliflozin,Nausea,9,C,-0.001775205135345459,0.9155460000038147
empagliflozin,Nausea,10,C,-0.00010377168655395508,0.9155460000038147
empagliflozin,Nausea,11,C,0.0001780390739440918,0.9155460000038147
empagliflozin,Nausea,12,C,0.0061073899269104,0.9155460000038147
empagliflozin,Nausea,13,C,-0.005282759666442871,0.9155460000038147
empagliflozin,Nausea,14,C,-0.00514531135559082,0.9155460000038147
empagliflozin,Nausea,15,C,0.0021983981132507324,0.9155460000038147
empagliflozin,Nausea,16,C,0.002370595932006836,0.9155460000038147
empagliflozin,Nausea,17,C,0.0008749961853027344,0.9155460000038147
empagliflozin,Nausea,18,C,0.014869451522827148,0.9155460000038147
empagliflozin,Nausea,19,C,0.000688016414642334,0.9155460000038147
empagliflozin,Nausea,20,C,-0.0006815195083618164,0.9155460000038147
empagliflozin,Nausea,21,C,-0.0010807514190673828,0.9155460000038147
empagliflozin,Nausea,22,C,-0.0021401643753051758,0.9155460000038147
empagliflozin,Nausea,23,C,-0.00227963924407959,0.9155460000038147
empagliflozin,Nausea,24,O,0.0067806243896484375,0.9155460000038147
empagliflozin,Nausea,25,C,-0.001469254493713379,0.9155460000038147
empagliflozin,Nausea,26,O,0.0021706819534301758,0.9155460000038147
empagliflozin,Nausea,27,O,0.0030871033668518066,0.9155460000038147
empagliflozin,Nausea,28,O,0.0036853551864624023,0.9155460000038147
empagliflozin,Nausea,29,O,0.004484593868255615,0.9155460000038147
empagliflozin,Nausea,30,Cl,-0.0008418560028076172,0.9155460000038147
empagliflozin,Urinary tract infection,0,C,-0.010512769222259521,0.6422433853149414
empagliflozin,Urinary tract infection,1,C,-0.010073482990264893,0.6422433853149414
empagliflozin,Urinary tract infection,2,O,0.006834805011749268,0.6422433853149414
empagliflozin,Urinary tract infection,3,C,-0.003198564052581787,0.6422433853149414
empagliflozin,Urinary tract infection,4,C,0.0019161701202392578,0.6422433853149414
empagliflozin,Urinary tract infection,5,O,0.006288409233093262,0.6422433853149414
empagliflozin,Urinary tract infection,6,C,0.006017506122589111,0.6422433853149414
empagliflozin,Urinary tract infection,7,C,0.0008154511451721191,0.6422433853149414
empagliflozin,Urinary tract infection,8,C,0.0004566311836242676,0.6422433853149414
empagliflozin,Urinary tract infection,9,C,0.008401155471801758,0.6422433853149414
empagliflozin,Urinary tract infection,10,C,0.0004566311836242676,0.6422433853149414
empagliflozin,Urinary tract infection,11,C,0.0008154511451721191,0.6422433853149414
empagliflozin,Urinary tract infection,12,C,0.007435858249664307,0.6422433853149414
empagliflozin,Urinary tract infection,13,C,0.00133514404296875,0.6422433853149414
empagliflozin,Urinary tract infection,14,C,0.0023502111434936523,0.6422433853149414
empagliflozin,Urinary tract infection,15,C,0.004183292388916016,0.6422433853149414
empagliflozin,Urinary tract infection,16,C,0.0018758177757263184,0.6422433853149414
empagliflozin,Urinary tract infection,17,C,0.004534304141998291,0.6422433853149414
empagliflozin,Urinary tract infection,18,C,0.0027471184730529785,0.6422433853149414
empagliflozin,Urinary tract infection,19,C,0.0001437664031982422,0.6422433853149414
empagliflozin,Urinary tract infection,20,C,-3.11732292175293e-05,0.6422433853149414
empagliflozin,Urinary tract infection,21,C,-0.0007654428482055664,0.6422433853149414
empagliflozin,Urinary tract infection,22,C,0.001897573471069336,0.6422433853149414
empagliflozin,Urinary tract infection,23,C,0.0010053515434265137,0.6422433853149414
empagliflozin,Urinary tract infection,24,O,0.008273303508758545,0.6422433853149414
empagliflozin,Urinary tract infection,25,C,-0.0016502737998962402,0.6422433853149414
empagliflozin,Urinary tract infection,26,O,0.009920299053192139,0.6422433853149414
empagliflozin,Urinary tract infection,27,O,-0.0028859376907348633,0.6422433853149414
empagliflozin,Urinary tract infection,28,O,-0.0025394558906555176,0.6422433853149414
empagliflozin,Urinary tract infection,29,O,0.0012121200561523438,0.6422433853149414
empagliflozin,Urinary tract infection,30,Cl,-0.0023250579833984375,0.6422433853149414
glimepiride,Lactic acidosis,0,C,0.0023173093795776367,0.8523923754692078
glimepiride,Lactic acidosis,1,C,0.000898897647857666,0.8523923754692078
glimepiride,Lactic acidosis,2,C,-0.0026031136512756348,0.8523923754692078
glimepiride,Lactic acidosis,3,C,-0.0031496286392211914,0.8523923754692078
glimepiride,Lactic acidosis,4,C,-0.00018644332885742188,0.8523923754692078
glimepiride,Lactic acidosis,5,N,-0.002977311611175537,0.8523923754692078
glimepiride,Lactic acidosis,6,C,-0.003050565719604492,0.8523923754692078
glimepiride,Lactic acidosis,7,O,-0.0002442002296447754,0.8523923754692078
glimepiride,Lactic acidosis,8,C,-0.002342820167541504,0.8523923754692078
glimepiride,Lactic acidosis,9,O,0.0008943080902099609,0.8523923754692078
glimepiride,Lactic acidosis,10,N,-0.002324819564819336,0.8523923754692078
glimepiride,Lactic acidosis,11,C,0.0011224150657653809,0.8523923754692078
glimepiride,Lactic acidosis,12,C,0.0008504390716552734,0.8523923754692078
glimepiride,Lactic acidosis,13,C,-0.005988419055938721,0.8523923754692078
glimepiride,Lactic acidosis,14,C,0.0011284947395324707,0.8523923754692078
glimepiride,Lactic acidosis,15,C,0.0009657740592956543,0.8523923754692078
glimepiride,Lactic acidosis,16,C,-0.01612985134124756,0.8523923754692078
glimepiride,Lactic acidosis,17,C,0.0009657740592956543,0.8523923754692078
glimepiride,Lactic acidosis,18,C,0.0011284947395324707,0.8523923754692078
glimepiride,Lactic acidosis,19,S,-0.006862223148345947,0.8523923754692078
glimepiride,Lactic acidosis,20,O,-0.0032872557640075684,0.8523923754692078
glimepiride,Lactic acidosis,21,O,-0.0032872557640075684,0.8523923754692078
glimepiride,Lactic acidosis,22,N,-0.0013574957847595215,0.8523923754692078
glimepiride,Lactic acidosis,23,C,-0.0019246339797973633,0.8523923754692078
glimepiride,Lactic acidosis,24,O,0.0009937286376953125,0.8523923754692078
glimepiride,Lactic acidosis,25,N,-0.00044405460357666016,0.8523923754692078
glimepiride,Lactic acidosis,26,C,-0.0031220316886901855,0.8523923754692078
glimepiride,Lactic acidosis,27,C,3.3736228942871094e-05,0.8523923754692078
glimepiride,Lactic acidosis,28,C,0.0004354715347290039,0.8523923754692078
glimepiride,Lactic acidosis,29,C,-0.0003273487091064453,0.8523923754692078
glimepiride,Lactic acidosis,30,C,0.0004354715347290039,0.8523923754692078
glimepiride,Lactic acidosis,31,C,3.3736228942871094e-05,0.8523923754692078
glimepiride,Lactic acidosis,32,C,0.005112648010253906,0.8523923754692078
glimepiride,Lactic acidosis,33,C,0.003969073295593262,0.8523923754692078
glimepiride,Nausea,0,C,2.1338462829589844e-05,0.9069039821624756
glimepiride,Nausea,1,C,0.00030678510665893555,0.9069039821624756
glimepiride,Nausea,2,C,-0.0020600557327270508,0.9069039821624756
glimepiride,Nausea,3,C,-0.0022864937782287598,0.9069039821624756
glimepiride,Nausea,4,C,-0.0003674626350402832,0.9069039821624756
glimepiride,Nausea,5,N,-0.0018166303634643555,0.9069039821624756
glimepiride,Nausea,6,C,-0.0018481016159057617,0.9069039821624756
glimepiride,Nausea,7,O,-9.119510650634766e-05,0.9069039821624756
glimepiride,Nausea,8,C,-0.001231372356414795,0.9069039821624756
glimepiride,Nausea,9,O,0.0006812214851379395,0.9069039821624756
glimepiride,Nausea,10,N,-0.0006006360054016113,0.9069039821624756
glimepiride,Nausea,11,C,-5.364418029785156e-05,0.9069039821624756
glimepiride,Nausea,12,C,3.737211227416992e-05,0.9069039821624756
glimepiride,Nausea,13,C,-0.0031987428665161133,0.9069039821624756
glimepiride,Nausea,14,C,0.0008915066719055176,0.9069039821624756
glimepiride,Nausea,15,C,0.0007619261741638184,0.9069039821624756
glimepiride,Nausea,16,C,-0.01025313138961792,0.9069039821624756
glimepiride,Nausea,17,C,0.0007619261741638184,0.9069039821624756
glimepiride,Nausea,18,C,0.0008915066719055176,0.9069039821624756
glimepiride,Nausea,19,S,-0.0051659345626831055,0.9069039821624756
glimepiride,Nausea,20,O,-0.002769649028778076,0.9069039821624756
glimepiride,Nausea,21,O,-0.002769649028778076,0.9069039821624756
glimepiride,Nausea,22,N,-0.0018486976623535156,0.9069039821624756
glimepiride,Nausea,23,C,-0.0009940266609191895,0.9069039821624756
glimepiride,Nausea,24,O,0.0007562637329101562,0.9069039821624756
glimepiride,Nausea,25,N,-7.671117782592773e-05,0.9069039821624756
glimepiride,Nausea,26,C,-0.0020514726638793945,0.9069039821624756
glimepiride,Nausea,27,C,-0.00037914514541625977,0.9069039821624756
glimepiride,Nausea,28,C,-0.0001894831657409668,0.9069039821624756
glimepiride,Nausea,29,C,-0.000559389591217041,0.9069039821624756
glimepiride,Nausea,30,C,-0.0001894831657409668,0.9069039821624756
glimepiride,Nausea,31,C,-0.00037914514541625977,0.9069039821624756
glimepiride,Nausea,32,C,0.0014426112174987793,0.9069039821624756
glimepiride,Nausea,33,C,0.0005931854248046875,0.9069039821624756
glimepiride,Urinary tract infection,0,C,-0.009943872690200806,0.4506981372833252
glimepiride,Urinary tract infection,1,C,-0.0018993914127349854,0.4506981372833252
glimepiride,Urinary tract infection,2,C,0.02297234535217285,0.4506981372833252
glimepiride,Urinary tract infection,3,C,0.005103170871734619,0.4506981372833252
glimepiride,Urinary tract infection,4,C,-0.002132982015609741,0.4506981372833252
glimepiride,Urinary tract infection,5,N,0.044649869203567505,0.4506981372833252
glimepiride,Urinary tract infection,6,C,0.029012948274612427,0.4506981372833252
glimepiride,Urinary tract infection,7,O,0.022899776697158813,0.4506981372833252
glimepiride,Urinary tract infection,8,C,0.005460947751998901,0.4506981372833252
glimepiride,Urinary tract infection,9,O,-0.001019507646560669,0.4506981372833252
glimepiride,Urinary tract infection,10,N,0.007414102554321289,0.4506981372833252
glimepiride,Urinary tract infection,11,C,-0.007844269275665283,0.4506981372833252
glimepiride,Urinary tract infection,12,C,-0.005860716104507446,0.4506981372833252
glimepiride,Urinary tract infection,13,C,0.006062030792236328,0.4506981372833252
glimepiride,Urinary tract infection,14,C,0.003236442804336548,0.4506981372833252
glimepiride,Urinary tract infection,15,C,0.0029722750186920166,0.4506981372833252
glimepiride,Urinary tract infection,16,C,-0.011068195104598999,0.4506981372833252
glimepiride,Urinary tract infection,17,C,0.0029722750186920166,0.4506981372833252
glimepiride,Urinary tract infection,18,C,0.003236442804336548,0.4506981372833252
glimepiride,Urinary tract infection,19,S,-0.008516252040863037,0.4506981372833252
glimepiride,Urinary tract infection,20,O,-0.007836103439331055,0.4506981372833252
glimepiride,Urinary tract infection,21,O,-0.007836103439331055,0.4506981372833252
glimepiride,Urinary tract infection,22,N,-0.007805824279785156,0.4506981372833252
glimepiride,Urinary tract infection,23,C,0.004329472780227661,0.4506981372833252
glimepiride,Urinary tract infection,24,O,-0.002282649278640747,0.4506981372833252
glimepiride,Urinary tract infection,25,N,0.00150221586227417,0.4506981372833252
glimepiride,Urinary tract infection,26,C,0.0023447275161743164,0.4506981372833252
glimepiride,Urinary tract infection,27,C,-0.002799004316329956,0.4506981372833252
glimepiride,Urinary tract infection,28,C,-0.002588719129562378,0.4506981372833252
glimepiride,Urinary tract infection,29,C,-0.001571565866470337,0.4506981372833252
glimepiride,Urinary tract infection,30,C,-0.002588719129562378,0.4506981372833252
glimepiride,Urinary tract infection,31,C,-0.002799004316329956,0.4506981372833252
glimepiride,Urinary tract infection,32,C,-0.01761963963508606,0.4506981372833252
glimepiride,Urinary tract infection,33,C,-0.025576919317245483,0.4506981372833252
glipizide,Lactic acidosis,0,C,-0.0007797479629516602,0.8571147918701172
glipizide,Lactic acidosis,1,C,-0.0005460381507873535,0.8571147918701172
glipizide,Lactic acidosis,2,C,0.0007895231246948242,0.8571147918701172
glipizide,Lactic acidosis,3,N,0.0014347434043884277,0.8571147918701172
glipizide,Lactic acidosis,4,C,-0.0022827982902526855,0.8571147918701172
glipizide,Lactic acidosis,5,C,-0.00044274330139160156,0.8571147918701172
glipizide,Lactic acidosis,6,N,0.0014268755912780762,0.8571147918701172
glipizide,Lactic acidosis,7,C,-0.0028839111328125,0.8571147918701172
glipizide,Lactic acidosis,8,O,-0.0005436539649963379,0.8571147918701172
glipizide,Lactic acidosis,9,N,0.0016927719116210938,0.8571147918701172
glipizide,Lactic acidosis,10,C,-0.003978133201599121,0.8571147918701172
glipizide,Lactic acidosis,11,C,-0.002755463123321533,0.8571147918701172
glipizide,Lactic acidosis,12,C,0.004713833332061768,0.8571147918701172
glipizide,Lactic acidosis,13,C,0.0017841458320617676,0.8571147918701172
glipizide,Lactic acidosis,14,C,0.0016451478004455566,0.8571147918701172
glipizide,Lactic acidosis,15,C,0.010006964206695557,0.8571147918701172
glipizide,Lactic acidosis,16,C,0.0016451478004455566,0.8571147918701172
glipizide,Lactic acidosis,17,C,0.0017841458320617676,0.8571147918701172
glipizide,Lactic acidosis,18,S,-0.0029094815254211426,0.8571147918701172
glipizide,Lactic acidosis,19,O,-0.002306997776031494,0.8571147918701172
glipizide,Lactic acidosis,20,O,-0.002306997776031494,0.8571147918701172
glipizide,Lactic acidosis,21,N,-0.0010520219802856445,0.8571147918701172
glipizide,Lactic acidosis,22,C,-0.0015847086906433105,0.8571147918701172
glipizide,Lactic acidosis,23,O,-0.00014829635620117188,0.8571147918701172
glipizide,Lactic acidosis,24,N,-0.00046640634536743164,0.8571147918701172
glipizide,Lactic acidosis,25,C,-0.002725839614868164,0.8571147918701172
glipizide,Lactic acidosis,26,C,-0.0011963844299316406,0.8571147918701172
glipizide,Lactic acidosis,27,C,-0.0011121630668640137,0.8571147918701172
glipizide,Lactic acidosis,28,C,0.00047153234481811523,0.8571147918701172
glipizide,Lactic acidosis,29,C,-0.0011121630668640137,0.8571147918701172
glipizide,Lactic acidosis,30,C,-0.0011963844299316406,0.8571147918701172
glipizide,Nausea,0,C,0.008524060249328613,0.9095775485038757
glipizide,Nausea,1,C,-0.0008615255355834961,0.9095775485038757
glipizide,Nausea,2,C,0.00027358531951904297,0.9095775485038757
glipizide,Nausea,3,N,0.0009881258010864258,0.9095775485038757
glipizide,Nausea,4,C,-0.002289712429046631,0.9095775485038757
glipizide,Nausea,5,C,-0.00046759843826293945,0.9095775485038757
glipizide,Nausea,6,N,0.0006027817726135254,0.9095775485038757
glipizide,Nausea,7,C,-0.0020958781242370605,0.9095775485038757
glipizide,Nausea,8,O,7.486343383789062e-05,0.9095775485038757
glipizide,Nausea,9,N,0.0007338523864746094,0.9095775485038757
glipizide,Nausea,10,C,-0.0015559792518615723,0.9095775485038757
glipizide,Nausea,11,C,-0.000708460807800293,0.9095775485038757
glipizide,Nausea,12,C,0.000966489315032959,0.9095775485038757
glipizide,Nausea,13,C,0.0010589957237243652,0.9095775485038757
glipizide,Nausea,14,C,0.0009897947311401367,0.9095775485038757
glipizide,Nausea,15,C,0.007121562957763672,0.9095775485038757
glipizide,Nausea,16,C,0.0009897947311401367,0.9095775485038757
glipizide,Nausea,17,C,0.0010589957237243652,0.9095775485038757
glipizide,Nausea,18,S,-0.004929244518280029,0.9095775485038757
glipizide,Nausea,19,O,-0.0036935806274414062,0.9095775485038757
glipizide,Nausea,20,O,-0.0036935806274414062,0.9095775485038757
glipizide,Nausea,21,N,-0.0021255016326904297,0.9095775485038757
glipizide,Nausea,22,C,-0.0006598830223083496,0.9095775485038757
glipizide,Nausea,23,O,0.0010014176368713379,0.9095775485038757
glipizide,Nausea,24,N,0.00029724836349487305,0.9095775485038757
glipizide,Nausea,25,C,-0.0021573901176452637,0.9095775485038757
glipizide,Nausea,26,C,-0.0006632208824157715,0.9095775485038757
glipizide,Nausea,27,C,-0.0005871057510375977,0.9095775485038757
glipizide,Nausea,28,C,0.0009732842445373535,0.9095775485038757
glipizide,Nausea,29,C,-0.0005871057510375977,0.9095775485038757
glipizide,Nausea,30,C,-0.0006632208824157715,0.9095775485038757
glipizide,Urinary tract infection,0,C,-0.014956027269363403,0.4093918800354004
glipizide,Urinary tract infection,1,C,-0.00982925295829773,0.4093918800354004
glipizide,Urinary tract infection,2,C,0.015221357345581055,0.4093918800354004
glipizide,Urinary tract infection,3,N,-0.02554282546043396,0.4093918800354004
glipizide,Urinary tract infection,4,C,-0.034896641969680786,0.4093918800354004
glipizide,Urinary tract infection,5,C,-0.01647627353668213,0.4093918800354004
glipizide,Urinary tract infection,6,N,-0.0127488374710083,0.4093918800354004
glipizide,Urinary tract infection,7,C,-0.026617348194122314,0.4093918800354004
glipizide,Urinary tract infection,8,O,0.001973956823348999,0.4093918800354004
glipizide,Urinary tract infection,9,N,0.01819610595703125,0.4093918800354004
glipizide,Urinary tract infection,10,C,-0.009374439716339111,0.4093918800354004
glipizide,Urinary tract infection,11,C,-0.014699459075927734,0.4093918800354004
glipizide,Urinary tract infection,12,C,0.033476442098617554,0.4093918800354004
glipizide,Urinary tract infection,13,C,0.005530655384063721,0.4093918800354004
glipizide,Urinary tract infection,14,C,0.004995077848434448,0.4093918800354004
glipizide,Urinary tract infection,15,C,0.030710369348526,0.4093918800354004
glipizide,Urinary tract infection,16,C,0.004995077848434448,0.4093918800354004
glipizide,Urinary tract infection,17,C,0.005530655384063721,0.4093918800354004
glipizide,Urinary tract infection,18,S,-0.04306676983833313,0.4093918800354004
glipizide,Urinary tract infection,19,O,-0.04286903142929077,0.4093918800354004
glipizide,Urinary tract infection,20,O,-0.04286903142929077,0.4093918800354004
glipizide,Urinary tract infection,21,N,-0.03209048509597778,0.4093918800354004
glipizide,Urinary tract infection,22,C,0.03977444767951965,0.4093918800354004
glipizide,Urinary tract infection,23,O,0.014842778444290161,0.4093918800354004
glipizide,Urinary tract infection,24,N,0.0250321626663208,0.4093918800354004
glipizide,Urinary tract infection,25,C,0.009538233280181885,0.4093918800354004
glipizide,Urinary tract infection,26,C,-0.0036915838718414307,0.4093918800354004
glipizide,Urinary tract infection,27,C,-0.0034246742725372314,0.4093918800354004
glipizide,Urinary tract infection,28,C,-0.00784766674041748,0.4093918800354004
glipizide,Urinary tract infection,29,C,-0.0034246742725372314,0.4093918800354004
glipizide,Urinary tract infection,30,C,-0.0036915838718414307,0.4093918800354004
glyburide,Lactic acidosis,0,C,-0.012041270732879639,0.8258607387542725
glyburide,Lactic acidosis,1,O,0.00030916929244995117,0.8258607387542725
glyburide,Lactic acidosis,2,C,-0.0009021759033203125,0.8258607387542725
glyburide,Lactic acidosis,3,C,-0.034321486949920654,0.8258607387542725
glyburide,Lactic acidosis,4,C,0.0370786190032959,0.8258607387542725
glyburide,Lactic acidosis,5,C,-0.032062411308288574,0.8258607387542725
glyburide,Lactic acidosis,6,C,-0.0015694499015808105,0.8258607387542725
glyburide,Lactic acidosis,7,C,-0.0013425946235656738,0.8258607387542725
glyburide,Lactic acidosis,8,Cl,0.0009253621101379395,0.8258607387542725
glyburide,Lactic acidosis,9,C,-0.00943535566329956,0.8258607387542725
glyburide,Lactic acidosis,10,O,-0.00014704465866088867,0.8258607387542725
glyburide,Lactic acidosis,11,N,0.0023449063301086426,0.8258607387542725
glyburide,Lactic acidosis,12,C,-0.0035886168479919434,0.8258607387542725
glyburide,Lactic acidosis,13,C,-0.0024874210357666016,0.8258607387542725
glyburide,Lactic acidosis,14,C,0.0036780238151550293,0.8258607387542725
glyburide,Lactic acidosis,15,C,-0.0009717941284179688,0.8258607387542725
glyburide,Lactic acidosis,16,C,-0.000694572925567627,0.8258607387542725
glyburide,Lactic acidosis,17,C,-0.0022472739219665527,0.8258607387542725
glyburide,Lactic acidosis,18,C,-0.000694572925567627,0.8258607387542725
glyburide,Lactic acidosis,19,C,-0.0009717941284179688,0.8258607387542725
glyburide,Lactic acidosis,20,S,-0.00482410192489624,0.8258607387542725
glyburide,Lactic acidosis,21,O,-0.0036742687225341797,0.8258607387542725
glyburide,Lactic acidosis,22,O,-0.0036742687225341797,0.8258607387542725
glyburide,Lactic acidosis,23,N,-0.0016226768493652344,0.8258607387542725
glyburide,Lactic acidosis,24,C,-0.001518845558166504,0.8258607387542725
glyburide,Lactic acidosis,25,O,-0.0006972551345825195,0.8258607387542725
glyburide,Lactic acidosis,26,N,-0.0005865097045898438,0.8258607387542725
glyburide,Lactic acidosis,27,C,-0.00265580415725708,0.8258607387542725
glyburide,Lactic acidosis,28,C,-0.0013018250465393066,0.8258607387542725
glyburide,Lactic acidosis,29,C,-0.0012431144714355469,0.8258607387542725
glyburide,Lactic acidosis,30,C,0.00023949146270751953,0.8258607387542725
glyburide,Lactic acidosis,31,C,-0.0012431144714355469,0.8258607387542725
glyburide,Lactic acidosis,32,C,-0.0013018250465393066,0.8258607387542725
glyburide,Nausea,0,C,-0.00663071870803833,0.8832923769950867
glyburide,Nausea,1,O,-0.0005146265029907227,0.8832923769950867
glyburide,Nausea,2,C,-0.0013806819915771484,0.8832923769950867
glyburide,Nausea,3,C,-0.027095794677734375,0.8832923769950867
glyburide,Nausea,4,C,0.04495954513549805,0.8832923769950867
glyburide,Nausea,5,C,-0.025999248027801514,0.8832923769950867
glyburide,Nausea,6,C,-0.0012254714965820312,0.8832923769950867
glyburide,Nausea,7,C,-0.0009856224060058594,0.8832923769950867
glyburide,Nausea,8,Cl,-0.00011682510375976562,0.8832923769950867
glyburide,Nausea,9,C,-0.006801903247833252,0.8832923769950867
glyburide,Nausea,10,O,0.0006658434867858887,0.8832923769950867
glyburide,Nausea,11,N,0.001353919506072998,0.8832923769950867
glyburide,Nausea,12,C,-0.0013449788093566895,0.8832923769950867
glyburide,Nausea,13,C,-0.0012073516845703125,0.8832923769950867
glyburide,Nausea,14,C,0.0006505846977233887,0.8832923769950867
glyburide,Nausea,15,C,-0.000924527645111084,0.8832923769950867
glyburide,Nausea,16,C,-0.0007135272026062012,0.8832923769950867
glyburide,Nausea,17,C,-0.0019242167472839355,0.8832923769950867
glyburide,Nausea,18,C,-0.0007135272026062012,0.8832923769950867
glyburide,Nausea,19,C,-0.000924527645111084,0.8832923769950867
glyburide,Nausea,20,S,-0.00624614953994751,0.8832923769950867
glyburide,Nausea,21,O,-0.004963815212249756,0.8832923769950867
glyburide,Nausea,22,O,-0.004963815212249756,0.8832923769950867
glyburide,Nausea,23,N,-0.002689659595489502,0.8832923769950867
glyburide,Nausea,24,C,-0.000525057315826416,0.8832923769950867
glyburide,Nausea,25,O,0.0005277395248413086,0.8832923769950867
glyburide,Nausea,26,N,0.0003058314323425293,0.8832923769950867
glyburide,Nausea,27,C,-0.0021249055862426758,0.8832923769950867
glyburide,Nausea,28,C,-0.0007712841033935547,0.8832923769950867
glyburide,Nausea,29,C,-0.0007135272026062012,0.8832923769950867
glyburide,Nausea,30,C,0.0005921721458435059,0.8832923769950867
glyburide,Nausea,31,C,-0.0007135272026062012,0.8832923769950867
glyburide,Nausea,32,C,-0.0007712841033935547,0.8832923769950867
glyburide,Urinary tract infection,0,C,-0.04689386487007141,0.3646237254142761
glyburide,Urinary tract infection,1,O,0.003856450319290161,0.3646237254142761
glyburide,Urinary tract infection,2,C,0.002498120069503784,0.3646237254142761
glyburide,Urinary tract infection,3,C,-0.08555197715759277,0.3646237254142761
glyburide,Urinary tract infection,4,C,0.11809676885604858,0.3646237254142761
glyburide,Urinary tract infection,5,C,-0.07965844869613647,0.3646237254142761
glyburide,Urinary tract infection,6,C,-0.004390984773635864,0.3646237254142761
glyburide,Urinary tract infection,7,C,-0.0031294822692871094,0.3646237254142761
glyburide,Urinary tract infection,8,Cl,-0.0003579854965209961,0.3646237254142761
glyburide,Urinary tract infection,9,C,-0.005868673324584961,0.3646237254142761
glyburide,Urinary tract infection,10,O,0.0036863386631011963,0.3646237254142761
glyburide,Urinary tract infection,11,N,0.020552247762680054,0.3646237254142761
glyburide,Urinary tract infection,12,C,-0.004870086908340454,0.3646237254142761
glyburide,Urinary tract infection,13,C,-0.010971695184707642,0.3646237254142761
glyburide,Urinary tract infection,14,C,0.0207272469997406,0.3646237254142761
glyburide,Urinary tract infection,15,C,-0.0018158555030822754,0.3646237254142761
glyburide,Urinary tract infection,16,C,-0.0020627081394195557,0.3646237254142761
glyburide,Urinary tract infection,17,C,0.007862001657485962,0.3646237254142761
glyburide,Urinary tract infection,18,C,-0.0020627081394195557,0.3646237254142761
glyburide,Urinary tract infection,19,C,-0.0018158555030822754,0.3646237254142761
glyburide,Urinary tract infection,20,S,-0.04668787121772766,0.3646237254142761
glyburide,Urinary tract infection,21,O,-0.04047352075576782,0.3646237254142761
glyburide,Urinary tract infection,22,O,-0.04047355055809021,0.3646237254142761
glyburide,Urinary tract infection,23,N,-0.027412831783294678,0.3646237254142761
glyburide,Urinary tract infection,24,C,0.03811720013618469,0.3646237254142761
glyburide,Urinary tract infection,25,O,0.016444534063339233,0.3646237254142761
glyburide,Urinary tract infection,26,N,0.02495551109313965,0.3646237254142761
glyburide,Urinary tract infection,27,C,0.010028809309005737,0.3646237254142761
glyburide,Urinary tract infection,28,C,-0.004064619541168213,0.3646237254142761
glyburide,Urinary tract infection,29,C,-0.0037274956703186035,0.3646237254142761
glyburide,Urinary tract infection,30,C,-0.008291423320770264,0.3646237254142761
glyburide,Urinary tract infection,31,C,-0.0037274956703186035,0.3646237254142761
glyburide,Urinary tract infection,32,C,-0.004064619541168213,0.3646237254142761
linagliptin,Lactic acidosis,0,C,-0.014327585697174072,0.7536581158638
linagliptin,Lactic acidosis,1,C,-0.0042247772216796875,0.7536581158638
linagliptin,Lactic acidosis,2,C,-0.008871793746948242,0.7536581158638
linagliptin,Lactic acidosis,3,C,0.005734145641326904,0.7536581158638
linagliptin,Lactic acidosis,4,N,-0.015732645988464355,0.7536581158638
linagliptin,Lactic acidosis,5,C,-0.01797431707382202,0.7536581158638
linagliptin,Lactic acidosis,6,C,0.0015742778778076172,0.7536581158638
linagliptin,Lactic acidosis,7,N,0.0023695826530456543,0.7536581158638
linagliptin,Lactic acidosis,8,C,-0.01767897605895996,0.7536581158638
linagliptin,Lactic acidosis,9,N,0.001015782356262207,0.7536581158638
linagliptin,Lactic acidosis,10,C,0.0005519986152648926,0.7536581158638
linagliptin,Lactic acidosis,11,C,-0.002203643321990967,0.7536581158638
linagliptin,Lactic acidosis,12,C,-0.002180814743041992,0.7536581158638
linagliptin,Lactic acidosis,13,C,-0.0016957521438598633,0.7536581158638
linagliptin,Lactic acidosis,14,C,-0.0010025501251220703,0.7536581158638
linagliptin,Lactic acidosis,15,N,0.001272439956665039,0.7536581158638
linagliptin,Lactic acidosis,16,N,-0.0003758072853088379,0.7536581158638
linagliptin,Lactic acidosis,17,C,-0.006167411804199219,0.7536581158638
linagliptin,Lactic acidosis,18,O,-0.0028541088104248047,0.7536581158638
linagliptin,Lactic acidosis,19,N,-0.008394360542297363,0.7536581158638
linagliptin,Lactic acidosis,20,C,-0.005227804183959961,0.7536581158638
linagliptin,Lactic acidosis,21,O,-0.0029604434967041016,0.7536581158638
linagliptin,Lactic acidosis,22,C,0.004865467548370361,0.7536581158638
linagliptin,Lactic acidosis,23,C,-0.003271758556365967,0.7536581158638
linagliptin,Lactic acidosis,24,N,-0.002479374408721924,0.7536581158638
linagliptin,Lactic acidosis,25,C,0.010791420936584473,0.7536581158638
linagliptin,Lactic acidosis,26,C,0.0023079514503479004,0.7536581158638
linagliptin,Lactic acidosis,27,C,-0.00512087345123291,0.7536581158638
linagliptin,Lactic acidosis,28,C,-0.004994451999664307,0.7536581158638
linagliptin,Lactic acidosis,29,C,0.00048619508743286133,0.7536581158638
linagliptin,Lactic acidosis,30,C,0.0059340596199035645,0.7536581158638
linagliptin,Lactic acidosis,31,C,0.0017201900482177734,0.7536581158638
linagliptin,Lactic acidosis,32,N,0.005152642726898193,0.7536581158638
linagliptin,Lactic acidosis,33,C,-0.057836174964904785,0.7536581158638
linagliptin,Lactic acidosis,34,C,-0.008565366268157959,0.7536581158638
linagliptin,Nausea,0,C,-0.012277781963348389,0.8291733264923096
linagliptin,Nausea,1,C,-0.0023343563079833984,0.8291733264923096
linagliptin,Nausea,2,C,-0.005153238773345947,0.8291733264923096
linagliptin,Nausea,3,C,0.0032198429107666016,0.8291733264923096
linagliptin,Nausea,4,N,-0.0078887939453125,0.8291733264923096
linagliptin,Nausea,5,C,-0.007784426212310791,0.8291733264923096
linagliptin,Nausea,6,C,0.001040816307067871,0.8291733264923096
linagliptin,Nausea,7,N,0.00022852420806884766,0.8291733264923096
linagliptin,Nausea,8,C,-0.008462786674499512,0.8291733264923096
linagliptin,Nausea,9,N,0.00019222497940063477,0.8291733264923096
linagliptin,Nausea,10,C,-0.0006215572357177734,0.8291733264923096
linagliptin,Nausea,11,C,-0.0024179816246032715,0.8291733264923096
linagliptin,Nausea,12,C,-0.0029592514038085938,0.8291733264923096
linagliptin,Nausea,13,C,-0.0010311007499694824,0.8291733264923096
linagliptin,Nausea,14,C,-0.0009323358535766602,0.8291733264923096
linagliptin,Nausea,15,N,0.00022745132446289062,0.8291733264923096
linagliptin,Nausea,16,N,0.0019431114196777344,0.8291733264923096
linagliptin,Nausea,17,C,-0.0010383129119873047,0.8291733264923096
linagliptin,Nausea,18,O,-0.0031908750534057617,0.8291733264923096
linagliptin,Nausea,19,N,-0.003720104694366455,0.8291733264923096
linagliptin,Nausea,20,C,-0.001325368881225586,0.8291733264923096
linagliptin,Nausea,21,O,-0.0021721720695495605,0.8291733264923096
linagliptin,Nausea,22,C,0.002523958683013916,0.8291733264923096
linagliptin,Nausea,23,C,-0.002424299716949463,0.8291733264923096
linagliptin,Nausea,24,N,-0.0020711421966552734,0.8291733264923096
linagliptin,Nausea,25,C,0.0051424503326416016,0.8291733264923096
linagliptin,Nausea,26,C,0.0003199577331542969,0.8291733264923096
linagliptin,Nausea,27,C,-0.003926396369934082,0.8291733264923096
linagliptin,Nausea,28,C,-0.0042029619216918945,0.8291733264923096
linagliptin,Nausea,29,C,-0.00014162063598632812,0.8291733264923096
linagliptin,Nausea,30,C,0.002660691738128662,0.8291733264923096
linagliptin,Nausea,31,C,0.0021393895149230957,0.8291733264923096
linagliptin,Nausea,32,N,0.002808809280395508,0.8291733264923096
linagliptin,Nausea,33,C,-0.04918700456619263,0.8291733264923096
linagliptin,Nausea,34,C,-0.010538935661315918,0.8291733264923096
linagliptin,Urinary tract infection,0,C,-0.1287321150302887,0.2342585325241089
linagliptin,Urinary tract infection,1,C,-0.03936660289764404,0.2342585325241089
linagliptin,Urinary tract infection,2,C,-0.019714325666427612,0.2342585325241089
linagliptin,Urinary tract infection,3,C,0.01908738911151886,0.2342585325241089
linagliptin,Urinary tract infection,4,N,-0.010762885212898254,0.2342585325241089
linagliptin,Urinary tract infection,5,C,-0.031661927700042725,0.2342585325241089
linagliptin,Urinary tract infection,6,C,-0.00749322772026062,0.2342585325241089
linagliptin,Urinary tract infection,7,N,0.004082635045051575,0.2342585325241089
linagliptin,Urinary tract infection,8,C,-0.041777610778808594,0.2342585325241089
linagliptin,Urinary tract infection,9,N,0.00022113323211669922,0.2342585325241089
linagliptin,Urinary tract infection,10,C,-0.01929640769958496,0.2342585325241089
linagliptin,Urinary tract infection,11,C,-0.01789623498916626,0.2342585325241089
linagliptin,Urinary tract infection,12,C,-0.021296411752700806,0.2342585325241089
linagliptin,Urinary tract infection,13,C,0.002658143639564514,0.2342585325241089
linagliptin,Urinary tract infection,14,C,-0.003327667713165283,0.2342585325241089
linagliptin,Urinary tract infection,15,N,-0.000937342643737793,0.2342585325241089
linagliptin,Urinary tract infection,16,N,0.004093289375305176,0.2342585325241089
linagliptin,Urinary tract infection,17,C,0.0499846488237381,0.2342585325241089
linagliptin,Urinary tract infection,18,O,0.0004887282848358154,0.2342585325241089
linagliptin,Urinary tract infection,19,N,0.05444785952568054,0.2342585325241089
linagliptin,Urinary tract infection,20,C,0.022940397262573242,0.2342585325241089
linagliptin,Urinary tract infection,21,O,0.013942569494247437,0.2342585325241089
linagliptin,Urinary tract infection,22,C,0.014813005924224854,0.2342585325241089
linagliptin,Urinary tract infection,23,C,0.009805813431739807,0.2342585325241089
linagliptin,Urinary tract infection,24,N,0.005570024251937866,0.2342585325241089
linagliptin,Urinary tract infection,25,C,0.009777531027793884,0.2342585325241089
linagliptin,Urinary tract infection,26,C,0.0006358921527862549,0.2342585325241089
linagliptin,Urinary tract infection,27,C,-0.004465669393539429,0.2342585325241089
linagliptin,Urinary tract infection,28,C,-0.0026075392961502075,0.2342585325241089
linagliptin,Urinary tract infection,29,C,-0.0001217275857925415,0.2342585325241089
linagliptin,Urinary tract infection,30,C,0.009338662028312683,0.2342585325241089
linagliptin,Urinary tract infection,31,C,0.0011450499296188354,0.2342585325241089
linagliptin,Urinary tract infection,32,N,0.009435206651687622,0.2342585325241089
linagliptin,Urinary tract infection,33,C,-0.13203126192092896,0.2342585325241089
linagliptin,Urinary tract infection,34,C,-0.044324278831481934,0.2342585325241089
metformin,Lactic acidosis,0,C,0.0011352896690368652,0.9786428213119507
metformin,Lactic acidosis,1,N,-0.0004457831382751465,0.9786428213119507
metformin,Lactic acidosis,2,C,0.0011352896690368652,0.9786428213119507
metformin,Lactic acidosis,3,C,-0.0004493594169616699,0.9786428213119507
metformin,Lactic acidosis,4,N,0.0648382306098938,0.9786428213119507
metformin,Lactic acidosis,5,N,0.0001315474510192871,0.9786428213119507
metformin,Lactic acidosis,6,C,-0.00035446882247924805,0.9786428213119507
metformin,Lactic acidosis,7,N,0.08702880144119263,0.9786428213119507
metformin,Lactic acidosis,8,N,0.08702880144119263,0.9786428213119507
metformin,Nausea,0,C,0.00036025047302246094,0.9899187088012695
metformin,Nausea,1,N,-0.00035202503204345703,0.9899187088012695
metformin,Nausea,2,C,0.00036025047302246094,0.9899187088012695
metformin,Nausea,3,C,-0.00039702653884887695,0.9899187088012695
metformin,Nausea,4,N,0.03651297092437744,0.9899187088012695
metformin,Nausea,5,N,-0.00010824203491210938,0.9899187088012695
metformin,Nausea,6,C,-0.00025326013565063477,0.9899187088012695
metformin,Nausea,7,N,0.05063474178314209,0.9899187088012695
metformin,Nausea,8,N,0.05063474178314209,0.9899187088012695
metformin,Urinary tract infection,0,C,0.011843085289001465,0.7114076018333435
metformin,Urinary tract infection,1,N,0.0031952857971191406,0.7114076018333435
metformin,Urinary tract infection,2,C,0.011843085289001465,0.7114076018333435
metformin,Urinary tract infection,3,C,0.004606485366821289,0.7114076018333435
metformin,Urinary tract infection,4,N,0.5296532064676285,0.7114076018333435
metformin,Urinary tract infection,5,N,0.004693448543548584,0.7114076018333435
metformin,Urinary tract infection,6,C,-0.00890505313873291,0.7114076018333435
metformin,Urinary tract infection,7,N,0.5436752289533615,0.7114076018333435
metformin,Urinary tract infection,8,N,0.5436752587556839,0.7114076018333435
nateglinide,Lactic acidosis,0,C,-0.0016518235206604004,0.7370886206626892
nateglinide,Lactic acidosis,1,C,-0.0007829070091247559,0.7370886206626892
nateglinide,Lactic acidosis,2,C,-0.0016518235206604004,0.7370886206626892
nateglinide,Lactic acidosis,3,C,-0.0006566643714904785,0.7370886206626892
nateglinide,Lactic acidosis,4,C,-0.00026428699493408203,0.7370886206626892
nateglinide,Lactic acidosis,5,C,-0.0008495450019836426,0.7370886206626892
nateglinide,Lactic acidosis,6,C,-0.001408696174621582,0.7370886206626892
nateglinide,Lactic acidosis,7,C,-0.0008495450019836426,0.7370886206626892
nateglinide,Lactic acidosis,8,C,-0.0002643465995788574,0.7370886206626892
nateglinide,Lactic acidosis,9,C,-0.001081228256225586,0.7370886206626892
nateglinide,Lactic acidosis,10,O,-0.00032073259353637695,0.7370886206626892
nateglinide,Lactic acidosis,11,N,-0.03437083959579468,0.7370886206626892
nateglinide,Lactic acidosis,12,C,-0.13423418998718262,0.7370886206626892
nateglinide,Lactic acidosis,13,C,-0.08878499269485474,0.7370886206626892
nateglinide,Lactic acidosis,14,C,-0.15370935201644897,0.7370886206626892
nateglinide,Lactic acidosis,15,C,0.014419853687286377,0.7370886206626892
nateglinide,Lactic acidosis,16,C,-0.000825345516204834,0.7370886206626892
nateglinide,Lactic acidosis,17,C,-0.009886085987091064,0.7370886206626892
nateglinide,Lactic acidosis,18,C,-0.000825345516204834,0.7370886206626892
nateglinide,Lactic acidosis,19,C,0.014419853687286377,0.7370886206626892
nateglinide,Lactic acidosis,20,C,-0.005346477031707764,0.7370886206626892
nateglinide,Lactic acidosis,21,O,-0.006922245025634766,0.7370886206626892
nateglinide,Lactic acidosis,22,O,-0.006494641304016113,0.7370886206626892
nateglinide,Nausea,0,C,-0.004059195518493652,0.7983956933021545
nateglinide,Nausea,1,C,-4.76837158203125e-05,0.7983956933021545
nateglinide,Nausea,2,C,-0.004059195518493652,0.7983956933021545
nateglinide,Nausea,3,C,-0.000958859920501709,0.7983956933021545
nateglinide,Nausea,4,C,0.0003433823585510254,0.7983956933021545
nateglinide,Nausea,5,C,-0.00010162591934204102,0.7983956933021545
nateglinide,Nausea,6,C,0.005312204360961914,0.7983956933021545
nateglinide,Nausea,7,C,-0.00010162591934204102,0.7983956933021545
nateglinide,Nausea,8,C,0.0003433823585510254,0.7983956933021545
nateglinide,Nausea,9,C,0.004998743534088135,0.7983956933021545
nateglinide,Nausea,10,O,0.005532741546630859,0.7983956933021545
nateglinide,Nausea,11,N,-0.00462716817855835,0.7983956933021545
nateglinide,Nausea,12,C,-0.12052547931671143,0.7983956933021545
nateglinide,Nausea,13,C,-0.05634307861328125,0.7983956933021545
nateglinide,Nausea,14,C,-0.13771766424179077,0.7983956933021545
nateglinide,Nausea,15,C,0.003634214401245117,0.7983956933021545
nateglinide,Nausea,16,C,-0.0026962757110595703,0.7983956933021545
nateglinide,Nausea,17,C,-0.007438242435455322,0.7983956933021545
nateglinide,Nausea,18,C,-0.0026962757110595703,0.7983956933021545
nateglinide,Nausea,19,C,0.003634214401245117,0.7983956933021545
nateglinide,Nausea,20,C,-0.005964517593383789,0.7983956933021545
nateglinide,Nausea,21,O,-0.017834365367889404,0.7983956933021545
nateglinide,Nausea,22,O,-0.01714378595352173,0.7983956933021545
nateglinide,Urinary tract infection,0,C,-0.0064483582973480225,0.36063313484191895
nateglinide,Urinary tract infection,1,C,-0.0008934438228607178,0.36063313484191895
nateglinide,Urinary tract infection,2,C,-0.006448417901992798,0.36063313484191895
nateglinide,Urinary tract infection,3,C,-0.0010191798210144043,0.36063313484191895
nateglinide,Urinary tract infection,4,C,-0.006595313549041748,0.36063313484191895
nateglinide,Urinary tract infection,5,C,-0.0078602135181427,0.36063313484191895
nateglinide,Urinary tract infection,6,C,0.04591807723045349,0.36063313484191895
nateglinide,Urinary tract infection,7,C,-0.0078602135181427,0.36063313484191895
nateglinide,Urinary tract infection,8,C,-0.006595313549041748,0.36063313484191895
nateglinide,Urinary tract infection,9,C,0.04771953821182251,0.36063313484191895
nateglinide,Urinary tract infection,10,O,0.04785221815109253,0.36063313484191895
nateglinide,Urinary tract infection,11,N,-0.028772681951522827,0.36063313484191895
nateglinide,Urinary tract infection,12,C,-0.11426541209220886,0.36063313484191895
nateglinide,Urinary tract infection,13,C,-0.013660609722137451,0.36063313484191895
nateglinide,Urinary tract infection,14,C,-0.13939601182937622,0.36063313484191895
nateglinide,Urinary tract infection,15,C,0.04977524280548096,0.36063313484191895
nateglinide,Urinary tract infection,16,C,0.015750110149383545,0.36063313484191895
nateglinide,Urinary tract infection,17,C,0.0007979273796081543,0.36063313484191895
nateglinide,Urinary tract infection,18,C,0.01575005054473877,0.36063313484191895
nateglinide,Urinary tract infection,19,C,0.04977524280548096,0.36063313484191895
nateglinide,Urinary tract infection,20,C,-0.04648250341415405,0.36063313484191895
nateglinide,Urinary tract infection,21,O,-0.07213994860649109,0.36063313484191895
nateglinide,Urinary tract infection,22,O,-0.0759124755859375,0.36063313484191895
pioglitazone,Lactic acidosis,0,C,-0.009225666522979736,0.8673797249794006
pioglitazone,Lactic acidosis,1,C,0.0004559159278869629,0.8673797249794006
pioglitazone,Lactic acidosis,2,C,0.0022458434104919434,0.8673797249794006
pioglitazone,Lactic acidosis,3,C,-0.00032019615173339844,0.8673797249794006
pioglitazone,Lactic acidosis,4,N,0.0008856654167175293,0.8673797249794006
pioglitazone,Lactic acidosis,5,C,0.006450533866882324,0.8673797249794006
pioglitazone,Lactic acidosis,6,C,0.0008658766746520996,0.8673797249794006
pioglitazone,Lactic acidosis,7,C,0.0008072257041931152,0.8673797249794006
pioglitazone,Lactic acidosis,8,C,-0.003412485122680664,0.8673797249794006
pioglitazone,Lactic acidosis,9,C,-0.003979206085205078,0.8673797249794006
pioglitazone,Lactic acidosis,10,O,0.007273733615875244,0.8673797249794006
pioglitazone,Lactic acidosis,11,C,0.010618984699249268,0.8673797249794006
pioglitazone,Lactic acidosis,12,C,0.0015274286270141602,0.8673797249794006
pioglitazone,Lactic acidosis,13,C,0.0012531876564025879,0.8673797249794006
pioglitazone,Lactic acidosis,14,C,0.0007638335227966309,0.8673797249794006
pioglitazone,Lactic acidosis,15,C,0.0012531876564025879,0.8673797249794006
pioglitazone,Lactic acidosis,16,C,0.0015274286270141602,0.8673797249794006
pioglitazone,Lactic acidosis,17,C,-0.0013384222984313965,0.8673797249794006
pioglitazone,Lactic acidosis,18,C,-0.006085574626922607,0.8673797249794006
pioglitazone,Lactic acidosis,19,C,-0.003540337085723877,0.8673797249794006
pioglitazone,Lactic acidosis,20,O,-0.0008220672607421875,0.8673797249794006
pioglitazone,Lactic acidosis,21,N,-0.000826418399810791,0.8673797249794006
pioglitazone,Lactic acidosis,22,C,-0.003093719482421875,0.8673797249794006
pioglitazone,Lactic acidosis,23,O,-0.0006319284439086914,0.8673797249794006
pioglitazone,Lactic acidosis,24,S,-0.00033473968505859375,0.8673797249794006
pioglitazone,Nausea,0,C,-0.005179286003112793,0.9059023857116699
pioglitazone,Nausea,1,C,-7.814168930053711e-05,0.9059023857116699
pioglitazone,Nausea,2,C,0.0027227401733398438,0.9059023857116699
pioglitazone,Nausea,3,C,-0.00024324655532836914,0.9059023857116699
pioglitazone,Nausea,4,N,0.0020309090614318848,0.9059023857116699
pioglitazone,Nausea,5,C,0.004269659519195557,0.9059023857116699
pioglitazone,Nausea,6,C,0.0016772150993347168,0.9059023857116699
pioglitazone,Nausea,7,C,0.0016063451766967773,0.9059023857116699
pioglitazone,Nausea,8,C,-0.002091050148010254,0.9059023857116699
pioglitazone,Nausea,9,C,-0.00233304500579834,0.9059023857116699
pioglitazone,Nausea,10,O,0.009089171886444092,0.9059023857116699
pioglitazone,Nausea,11,C,0.018144428730010986,0.9059023857116699
pioglitazone,Nausea,12,C,0.00238800048828125,0.9059023857116699
pioglitazone,Nausea,13,C,0.0022999048233032227,0.9059023857116699
pioglitazone,Nausea,14,C,-0.009420573711395264,0.9059023857116699
pioglitazone,Nausea,15,C,0.0022999048233032227,0.9059023857116699
pioglitazone,Nausea,16,C,0.00238800048828125,0.9059023857116699
pioglitazone,Nausea,17,C,-0.003956496715545654,0.9059023857116699
pioglitazone,Nausea,18,C,-0.011591315269470215,0.9059023857116699
pioglitazone,Nausea,19,C,-0.0015227198600769043,0.9059023857116699
pioglitazone,Nausea,20,O,0.00038820505142211914,0.9059023857116699
pioglitazone,Nausea,21,N,-0.00040972232818603516,0.9059023857116699
pioglitazone,Nausea,22,C,-0.00586855411529541,0.9059023857116699
pioglitazone,Nausea,23,O,-0.0043305158615112305,0.9059023857116699
pioglitazone,Nausea,24,S,-0.008058607578277588,0.9059023857116699
pioglitazone,Urinary tract infection,0,C,-0.05439990758895874,0.5472179651260376
pioglitazone,Urinary tract infection,1,C,-0.0025421977043151855,0.5472179651260376
pioglitazone,Urinary tract infection,2,C,0.007033824920654297,0.5472179651260376
pioglitazone,Urinary tract infection,3,C,-8.106231689453125e-06,0.5472179651260376
pioglitazone,Urinary tract infection,4,N,0.0012126564979553223,0.5472179651260376
pioglitazone,Urinary tract infection,5,C,0.024628877639770508,0.5472179651260376
pioglitazone,Urinary tract infection,6,C,0.0014168024063110352,0.5472179651260376
pioglitazone,Urinary tract infection,7,C,0.0016193985939025879,0.5472179651260376
pioglitazone,Urinary tract infection,8,C,-0.01115107536315918,0.5472179651260376
pioglitazone,Urinary tract infection,9,C,-0.013498842716217041,0.5472179651260376
pioglitazone,Urinary tract infection,10,O,0.01881396770477295,0.5472179651260376
pioglitazone,Urinary tract infection,11,C,0.006059885025024414,0.5472179651260376
pioglitazone,Urinary tract infection,12,C,0.0020514726638793945,0.5472179651260376
pioglitazone,Urinary tract infection,13,C,0.0019968152046203613,0.5472179651260376
pioglitazone,Urinary tract infection,14,C,0.028183162212371826,0.5472179651260376
pioglitazone,Urinary tract infection,15,C,0.0019968152046203613,0.5472179651260376
pioglitazone,Urinary tract infection,16,C,0.0020514726638793945,0.5472179651260376
pioglitazone,Urinary tract infection,17,C,0.007700681686401367,0.5472179651260376
pioglitazone,Urinary tract infection,18,C,0.010816216468811035,0.5472179651260376
pioglitazone,Urinary tract infection,19,C,0.043008387088775635,0.5472179651260376
pioglitazone,Urinary tract infection,20,O,0.017358481884002686,0.5472179651260376
pioglitazone,Urinary tract infection,21,N,0.011977016925811768,0.5472179651260376
pioglitazone,Urinary tract infection,22,C,-0.032231152057647705,0.5472179651260376
pioglitazone,Urinary tract infection,23,O,-0.039662718772888184,0.5472179651260376
pioglitazone,Urinary tract infection,24,S,-0.0251615047454834,0.5472179651260376
repaglinide,Lactic acidosis,0,C,-0.004005253314971924,0.8209280967712402
repaglinide,Lactic acidosis,1,C,0.0008263587951660156,0.8209280967712402
repaglinide,Lactic acidosis,2,O,0.009750127792358398,0.8209280967712402
repaglinide,Lactic acidosis,3,C,-0.023080050945281982,0.8209280967712402
repaglinide,Lactic acidosis,4,C,-0.005018115043640137,0.8209280967712402
repaglinide,Lactic acidosis,5,C,-0.0031827688217163086,0.8209280967712402
repaglinide,Lactic acidosis,6,C,-0.0007145404815673828,0.8209280967712402
repaglinide,Lactic acidosis,7,C,0.008540630340576172,0.8209280967712402
repaglinide,Lactic acidosis,8,C,0.011202037334442139,0.8209280967712402
repaglinide,Lactic acidosis,9,C,0.001353144645690918,0.8209280967712402
repaglinide,Lactic acidosis,10,C,-0.0012087225914001465,0.8209280967712402
repaglinide,Lactic acidosis,11,O,0.00029987096786499023,0.8209280967712402
repaglinide,Lactic acidosis,12,N,0.00019675493240356445,0.8209280967712402
repaglinide,Lactic acidosis,13,C,-0.0011113882064819336,0.8209280967712402
repaglinide,Lactic acidosis,14,C,-0.0015128254890441895,0.8209280967712402
repaglinide,Lactic acidosis,15,C,-0.0017364025115966797,0.8209280967712402
repaglinide,Lactic acidosis,16,C,0.00016641616821289062,0.8209280967712402
repaglinide,Lactic acidosis,17,C,0.00016641616821289062,0.8209280967712402
repaglinide,Lactic acidosis,18,C,-2.9265880584716797e-05,0.8209280967712402
repaglinide,Lactic acidosis,19,C,-0.0002027750015258789,0.8209280967712402
repaglinide,Lactic acidosis,20,C,-0.002349555492401123,0.8209280967712402
repaglinide,Lactic acidosis,21,C,-0.002651214599609375,0.8209280967712402
repaglinide,Lactic acidosis,22,C,-0.001005411148071289,0.8209280967712402
repaglinide,Lactic acidosis,23,C,7.784366607666016e-05,0.8209280967712402
repaglinide,Lactic acidosis,24,N,-0.0007706880569458008,0.8209280967712402
repaglinide,Lactic acidosis,25,C,-0.0018369555473327637,0.8209280967712402
repaglinide,Lactic acidosis,26,C,-0.0008232593536376953,0.8209280967712402
repaglinide,Lactic acidosis,27,C,-0.002022862434387207,0.8209280967712402
repaglinide,Lactic acidosis,28,C,-0.0008232593536376953,0.8209280967712402
repaglinide,Lactic acidosis,29,C,-0.0018369555473327637,0.8209280967712402
repaglinide,Lactic acidosis,30,C,-0.01391291618347168,0.8209280967712402
repaglinide,Lactic acidosis,31,O,-0.0013213157653808594,0.8209280967712402
repaglinide,Lactic acidosis,32,O,7.170438766479492e-05,0.8209280967712402
repaglinide,Nausea,0,C,-0.0027524232864379883,0.8816040754318237
repaglinide,Nausea,1,C,0.0008807182312011719,0.8816040754318237
repaglinide,Nausea,2,O,0.010000228881835938,0.8816040754318237
repaglinide,Nausea,3,C,-0.013896524906158447,0.8816040754318237
repaglinide,Nausea,4,C,-0.005837857723236084,0.8816040754318237
repaglinide,Nausea,5,C,-0.0033254623413085938,0.8816040754318237
repaglinide,Nausea,6,C,-0.0006781816482543945,0.8816040754318237
repaglinide,Nausea,7,C,0.009846270084381104,0.8816040754318237
repaglinide,Nausea,8,C,0.011726915836334229,0.8816040754318237
repaglinide,Nausea,9,C,0.0006332993507385254,0.8816040754318237
repaglinide,Nausea,10,C,-0.0007105469703674316,0.8816040754318237
repaglinide,Nausea,11,O,0.000491023063659668,0.8816040754318237
repaglinide,Nausea,12,N,0.0001996755599975586,0.8816040754318237
repaglinide,Nausea,13,C,-0.0012354850769042969,0.8816040754318237
repaglinide,Nausea,14,C,-0.000672757625579834,0.8816040754318237
repaglinide,Nausea,15,C,-0.001583397388458252,0.8816040754318237
repaglinide,Nausea,16,C,0.0005688071250915527,0.8816040754318237
repaglinide,Nausea,17,C,0.0005688071250915527,0.8816040754318237
repaglinide,Nausea,18,C,-0.0006105899810791016,0.8816040754318237
repaglinide,Nausea,19,C,-0.0006309151649475098,0.8816040754318237
repaglinide,Nausea,20,C,-0.0020959973335266113,0.8816040754318237
repaglinide,Nausea,21,C,-0.0023983120918273926,0.8816040754318237
repaglinide,Nausea,22,C,-0.0009390115737915039,0.8816040754318237
repaglinide,Nausea,23,C,-0.00042313337326049805,0.8816040754318237
repaglinide,Nausea,24,N,-0.0008093118667602539,0.8816040754318237
repaglinide,Nausea,25,C,-0.0007135868072509766,0.8816040754318237
repaglinide,Nausea,26,C,-0.0003472566604614258,0.8816040754318237
repaglinide,Nausea,27,C,-0.000835120677947998,0.8816040754318237
repaglinide,Nausea,28,C,-0.0003472566604614258,0.8816040754318237
repaglinide,Nausea,29,C,-0.0007135868072509766,0.8816040754318237
repaglinide,Nausea,30,C,-0.012768387794494629,0.8816040754318237
repaglinide,Nausea,31,O,-0.00659787654876709,0.8816040754318237
repaglinide,Nausea,32,O,-0.004755139350891113,0.8816040754318237
repaglinide,Urinary tract infection,0,C,-0.020251452922821045,0.3007422983646393
repaglinide,Urinary tract infection,1,C,-0.0002631545066833496,0.3007422983646393
repaglinide,Urinary tract infection,2,O,0.0264834463596344,0.3007422983646393
repaglinide,Urinary tract infection,3,C,-0.04588642716407776,0.3007422983646393
repaglinide,Urinary tract infection,4,C,0.0008849203586578369,0.3007422983646393
repaglinide,Urinary tract infection,5,C,-0.013056933879852295,0.3007422983646393
repaglinide,Urinary tract infection,6,C,-0.0035674571990966797,0.3007422983646393
repaglinide,Urinary tract infection,7,C,0.04006379842758179,0.3007422983646393
repaglinide,Urinary tract infection,8,C,0.02706289291381836,0.3007422983646393
repaglinide,Urinary tract infection,9,C,-0.0014447569847106934,0.3007422983646393
repaglinide,Urinary tract infection,10,C,0.015606999397277832,0.3007422983646393
repaglinide,Urinary tract infection,11,O,0.014220178127288818,0.3007422983646393
repaglinide,Urinary tract infection,12,N,0.011108726263046265,0.3007422983646393
repaglinide,Urinary tract infection,13,C,0.0047622621059417725,0.3007422983646393
repaglinide,Urinary tract infection,14,C,-0.006374359130859375,0.3007422983646393
repaglinide,Urinary tract infection,15,C,-0.0011519789695739746,0.3007422983646393
repaglinide,Urinary tract infection,16,C,-0.001505434513092041,0.3007422983646393
repaglinide,Urinary tract infection,17,C,-0.001505434513092041,0.3007422983646393
repaglinide,Urinary tract infection,18,C,0.006662726402282715,0.3007422983646393
repaglinide,Urinary tract infection,19,C,-0.0002727806568145752,0.3007422983646393
repaglinide,Urinary tract infection,20,C,-0.004061013460159302,0.3007422983646393
repaglinide,Urinary tract infection,21,C,-0.0028091371059417725,0.3007422983646393
repaglinide,Urinary tract infection,22,C,-0.000531315803527832,0.3007422983646393
repaglinide,Urinary tract infection,23,C,0.0049648284912109375,0.3007422983646393
repaglinide,Urinary tract infection,24,N,0.0031883418560028076,0.3007422983646393
repaglinide,Urinary tract infection,25,C,-0.002020806074142456,0.3007422983646393
repaglinide,Urinary tract infection,26,C,-0.0021735429763793945,0.3007422983646393
repaglinide,Urinary tract infection,27,C,-0.005497068166732788,0.3007422983646393
repaglinide,Urinary tract infection,28,C,-0.002173513174057007,0.3007422983646393
repaglinide,Urinary tract infection,29,C,-0.002020806074142456,0.3007422983646393
repaglinide,Urinary tract infection,30,C,-0.0677594244480133,0.3007422983646393
repaglinide,Urinary tract infection,31,O,-0.09218296408653259,0.3007422983646393
repaglinide,Urinary tract infection,32,O,-0.09220480918884277,0.3007422983646393
saxagliptin,Lactic acidosis,0,C,0.003726959228515625,0.7619895935058594
saxagliptin,Lactic acidosis,1,C,-0.0015516877174377441,0.7619895935058594
saxagliptin,Lactic acidosis,2,C,-0.0008037686347961426,0.7619895935058594
saxagliptin,Lactic acidosis,3,C,0.0019111037254333496,0.7619895935058594
saxagliptin,Lactic acidosis,4,N,-0.0014117956161499023,0.7619895935058594
saxagliptin,Lactic acidosis,5,C,0.001840054988861084,0.7619895935058594
saxagliptin,Lactic acidosis,6,C,-0.00215834379196167,0.7619895935058594
saxagliptin,Lactic acidosis,7,N,-0.002715885639190674,0.7619895935058594
saxagliptin,Lactic acidosis,8,C,0.0006647109985351562,0.7619895935058594
saxagliptin,Lactic acidosis,9,O,-0.0019446015357971191,0.7619895935058594
saxagliptin,Lactic acidosis,10,C,0.01619488000869751,0.7619895935058594
saxagliptin,Lactic acidosis,11,C,-0.0033308863639831543,0.7619895935058594
saxagliptin,Lactic acidosis,12,C,0.012748956680297852,0.7619895935058594
saxagliptin,Lactic acidosis,13,C,0.005653440952301025,0.7619895935058594
saxagliptin,Lactic acidosis,14,C,0.004743099212646484,0.7619895935058594
saxagliptin,Lactic acidosis,15,C,0.005653440952301025,0.7619895935058594
saxagliptin,Lactic acidosis,16,C,0.012748956680297852,0.7619895935058594
saxagliptin,Lactic acidosis,17,C,0.0022819042205810547,0.7619895935058594
saxagliptin,Lactic acidosis,18,C,-0.013934195041656494,0.7619895935058594
saxagliptin,Lactic acidosis,19,C,0.0022819042205810547,0.7619895935058594
saxagliptin,Lactic acidosis,20,C,0.002987384796142578,0.7619895935058594
saxagliptin,Lactic acidosis,21,O,0.0012164115905761719,0.7619895935058594
saxagliptin,Lactic acidosis,22,N,0.006922662258148193,0.7619895935058594
saxagliptin,Nausea,0,C,0.004818320274353027,0.8430307507514954
saxagliptin,Nausea,1,C,-0.0023803114891052246,0.8430307507514954
saxagliptin,Nausea,2,C,0.0002670884132385254,0.8430307507514954
saxagliptin,Nausea,3,C,-0.00010645389556884766,0.8430307507514954
saxagliptin,Nausea,4,N,-0.0015501976013183594,0.8430307507514954
saxagliptin,Nausea,5,C,-0.0015724897384643555,0.8430307507514954
saxagliptin,Nausea,6,C,-0.0038336515426635742,0.8430307507514954
saxagliptin,Nausea,7,N,-0.0032473206520080566,0.8430307507514954
saxagliptin,Nausea,8,C,0.0004367828369140625,0.8430307507514954
saxagliptin,Nausea,9,O,0.0006453394889831543,0.8430307507514954
saxagliptin,Nausea,10,C,0.01301664113998413,0.8430307507514954
saxagliptin,Nausea,11,C,-0.004328012466430664,0.8430307507514954
saxagliptin,Nausea,12,C,0.013055562973022461,0.8430307507514954
saxagliptin,Nausea,13,C,0.004329383373260498,0.8430307507514954
saxagliptin,Nausea,14,C,0.007870137691497803,0.8430307507514954
saxagliptin,Nausea,15,C,0.004329383373260498,0.8430307507514954
saxagliptin,Nausea,16,C,0.013055562973022461,0.8430307507514954
saxagliptin,Nausea,17,C,0.0025597810745239258,0.8430307507514954
saxagliptin,Nausea,18,C,-0.0120697021484375,0.8430307507514954
saxagliptin,Nausea,19,C,0.0025597810745239258,0.8430307507514954
saxagliptin,Nausea,20,C,0.0021813511848449707,0.8430307507514954
saxagliptin,Nausea,21,O,0.0011464357376098633,0.8430307507514954
saxagliptin,Nausea,22,N,0.007614552974700928,0.8430307507514954
saxagliptin,Urinary tract infection,0,C,0.008458077907562256,0.2932480275630951
saxagliptin,Urinary tract infection,1,C,-0.008757323026657104,0.2932480275630951
saxagliptin,Urinary tract infection,2,C,0.012064486742019653,0.2932480275630951
saxagliptin,Urinary tract infection,3,C,-0.005643516778945923,0.2932480275630951
saxagliptin,Urinary tract infection,4,N,0.048558011651039124,0.2932480275630951
saxagliptin,Urinary tract infection,5,C,-0.010402262210845947,0.2932480275630951
saxagliptin,Urinary tract infection,6,C,-0.008933663368225098,0.2932480275630951
saxagliptin,Urinary tract infection,7,N,-0.008989334106445312,0.2932480275630951
saxagliptin,Urinary tract infection,8,C,0.04536329209804535,0.2932480275630951
saxagliptin,Urinary tract infection,9,O,0.08602365851402283,0.2932480275630951
saxagliptin,Urinary tract infection,10,C,0.045081302523612976,0.2932480275630951
saxagliptin,Urinary tract infection,11,C,-0.00047910213470458984,0.2932480275630951
saxagliptin,Urinary tract infection,12,C,-0.0004302561283111572,0.2932480275630951
saxagliptin,Urinary tract infection,13,C,0.0003840327262878418,0.2932480275630951
saxagliptin,Urinary tract infection,14,C,-0.015353530645370483,0.2932480275630951
saxagliptin,Urinary tract infection,15,C,0.0003840327262878418,0.2932480275630951
saxagliptin,Urinary tract infection,16,C,-0.00043022632598876953,0.2932480275630951
saxagliptin,Urinary tract infection,17,C,-0.004338741302490234,0.2932480275630951
saxagliptin,Urinary tract infection,18,C,-0.021487832069396973,0.2932480275630951
saxagliptin,Urinary tract infection,19,C,-0.004338711500167847,0.2932480275630951
saxagliptin,Urinary tract infection,20,C,-0.008604377508163452,0.2932480275630951
saxagliptin,Urinary tract infection,21,O,-0.0005617439746856689,0.2932480275630951
saxagliptin,Urinary tract infection,22,N,0.05358469486236572,0.2932480275630951
sitagliptin,Lactic acidosis,0,C,-0.00780797004699707,0.8523793816566467
sitagliptin,Lactic acidosis,1,C,-0.0026522278785705566,0.8523793816566467
sitagliptin,Lactic acidosis,2,N,0.002268493175506592,0.8523793816566467
sitagliptin,Lactic acidosis,3,C,0.0015680789947509766,0.8523793816566467
sitagliptin,Lactic acidosis,4,N,-0.00013679265975952148,0.8523793816566467
sitagliptin,Lactic acidosis,5,N,-0.0010889768600463867,0.8523793816566467
sitagliptin,Lactic acidosis,6,C,-9.709596633911133e-05,0.8523793816566467
sitagliptin,Lactic acidosis,7,C,0.0017424225807189941,0.8523793816566467
sitagliptin,Lactic acidosis,8,F,0.00043457746505737305,0.8523793816566467
sitagliptin,Lactic acidosis,9,F,0.00043457746505737305,0.8523793816566467
sitagliptin,Lactic acidosis,10,F,0.00043451786041259766,0.8523793816566467
sitagliptin,Lactic acidosis,11,C,-0.0007619857788085938,0.8523793816566467
sitagliptin,Lactic acidosis,12,N,0.0007345676422119141,0.8523793816566467
sitagliptin,Lactic acidosis,13,C,-0.00028324127197265625,0.8523793816566467
sitagliptin,Lactic acidosis,14,O,0.0010289549827575684,0.8523793816566467
sitagliptin,Lactic acidosis,15,C,-0.006161749362945557,0.8523793816566467
sitagliptin,Lactic acidosis,16,C,-0.0005558133125305176,0.8523793816566467
sitagliptin,Lactic acidosis,17,C,-0.0024809837341308594,0.8523793816566467
sitagliptin,Lactic acidosis,18,C,0.002901315689086914,0.8523793816566467
sitagliptin,Lactic acidosis,19,C,-0.0003719925880432129,0.8523793816566467
sitagliptin,Lactic acidosis,20,C,0.0007216334342956543,0.8523793816566467
sitagliptin,Lactic acidosis,21,C,0.0019398331642150879,0.8523793816566467
sitagliptin,Lactic acidosis,22,C,0.0018496513366699219,0.8523793816566467
sitagliptin,Lactic acidosis,23,C,0.0025821328163146973,0.8523793816566467
sitagliptin,Lactic acidosis,24,F,-2.384185791015625e-07,0.8523793816566467
sitagliptin,Lactic acidosis,25,F,0.00015866756439208984,0.8523793816566467
sitagliptin,Lactic acidosis,26,F,0.00013953447341918945,0.8523793816566467
sitagliptin,Lactic acidosis,27,N,0.00027692317962646484,0.8523793816566467
sitagliptin,Nausea,0,C,-0.004535257816314697,0.8982583284378052
sitagliptin,Nausea,1,C,-0.0015706419944763184,0.8982583284378052
sitagliptin,Nausea,2,N,0.001386404037475586,0.8982583284378052
sitagliptin,Nausea,3,C,0.0005355477333068848,0.8982583284378052
sitagliptin,Nausea,4,N,-5.078315734863281e-05,0.8982583284378052
sitagliptin,Nausea,5,N,0.00015032291412353516,0.8982583284378052
sitagliptin,Nausea,6,C,-0.0002041459083557129,0.8982583284378052
sitagliptin,Nausea,7,C,0.0001843571662902832,0.8982583284378052
sitagliptin,Nausea,8,F,-0.0016611814498901367,0.8982583284378052
sitagliptin,Nausea,9,F,-0.0016611814498901367,0.8982583284378052
sitagliptin,Nausea,10,F,-0.0016611814498901367,0.8982583284378052
sitagliptin,Nausea,11,C,-0.0003643631935119629,0.8982583284378052
sitagliptin,Nausea,12,N,0.00011283159255981445,0.8982583284378052
sitagliptin,Nausea,13,C,-0.0003681182861328125,0.8982583284378052
sitagliptin,Nausea,14,O,0.0008394122123718262,0.8982583284378052
sitagliptin,Nausea,15,C,-0.0033339858055114746,0.8982583284378052
sitagliptin,Nausea,16,C,-0.0006554126739501953,0.8982583284378052
sitagliptin,Nausea,17,C,-0.0005936622619628906,0.8982583284378052
sitagliptin,Nausea,18,C,0.001871943473815918,0.8982583284378052
sitagliptin,Nausea,19,C,-0.00034290552139282227,0.8982583284378052
sitagliptin,Nausea,20,C,0.0006872415542602539,0.8982583284378052
sitagliptin,Nausea,21,C,0.0018454790115356445,0.8982583284378052
sitagliptin,Nausea,22,C,0.0016799569129943848,0.8982583284378052
sitagliptin,Nausea,23,C,0.002197861671447754,0.8982583284378052
sitagliptin,Nausea,24,F,0.00024169683456420898,0.8982583284378052
sitagliptin,Nausea,25,F,0.00141143798828125,0.8982583284378052
sitagliptin,Nausea,26,F,0.00047647953033447266,0.8982583284378052
sitagliptin,Nausea,27,N,0.0002655982971191406,0.8982583284378052
sitagliptin,Urinary tract infection,0,C,-0.028848975896835327,0.4486406147480011
sitagliptin,Urinary tract infection,1,C,-0.010989785194396973,0.4486406147480011
sitagliptin,Urinary tract infection,2,N,-0.028966546058654785,0.4486406147480011
sitagliptin,Urinary tract infection,3,C,0.015445291996002197,0.4486406147480011
sitagliptin,Urinary tract infection,4,N,-0.017823457717895508,0.4486406147480011
sitagliptin,Urinary tract infection,5,N,-0.04764527082443237,0.4486406147480011
sitagliptin,Urinary tract infection,6,C,-0.021783798933029175,0.4486406147480011
sitagliptin,Urinary tract infection,7,C,-0.05685409903526306,0.4486406147480011
sitagliptin,Urinary tract infection,8,F,-0.0812019407749176,0.4486406147480011
sitagliptin,Urinary tract infection,9,F,-0.08120200037956238,0.4486406147480011
sitagliptin,Urinary tract infection,10,F,-0.08120200037956238,0.4486406147480011
sitagliptin,Urinary tract infection,11,C,-0.003678351640701294,0.4486406147480011
sitagliptin,Urinary tract infection,12,N,0.01972132921218872,0.4486406147480011
sitagliptin,Urinary tract infection,13,C,0.012560784816741943,0.4486406147480011
sitagliptin,Urinary tract infection,14,O,0.006687432527542114,0.4486406147480011
sitagliptin,Urinary tract infection,15,C,-0.01960238814353943,0.4486406147480011
sitagliptin,Urinary tract infection,16,C,0.007662147283554077,0.4486406147480011
sitagliptin,Urinary tract infection,17,C,-0.01701432466506958,0.4486406147480011
sitagliptin,Urinary tract infection,18,C,0.03581687808036804,0.4486406147480011
sitagliptin,Urinary tract infection,19,C,0.00872570276260376,0.4486406147480011
sitagliptin,Urinary tract infection,20,C,0.025695621967315674,0.4486406147480011
sitagliptin,Urinary tract infection,21,C,0.059086233377456665,0.4486406147480011
sitagliptin,Urinary tract infection,22,C,0.03765040636062622,0.4486406147480011
sitagliptin,Urinary tract infection,23,C,0.06158837676048279,0.4486406147480011
sitagliptin,Urinary tract infection,24,F,0.014254599809646606,0.4486406147480011
sitagliptin,Urinary tract infection,25,F,0.08758047223091125,0.4486406147480011
sitagliptin,Urinary tract infection,26,F,0.03961479663848877,0.4486406147480011
sitagliptin,Urinary tract infection,27,N,-0.0017374157905578613,0.4486406147480011
